code,entry_date,exit_date,entry_price,exit_price,shares,exit_reason,pnl,pnl_pct,holding_days,trade_group,assumed_slippage_pct
7261.T,2023-08-14,2023-08-16,1248.136133518381,1222.5183394917833,10016,po_break,-268960.86257123767,-2.05248396698392,1,7261.T:2023-08-14,0.1
7203.T,2023-08-14,2023-08-16,2242.076977245597,2201.366598967122,5554,po_break,-238444.88376979154,-1.8157440039586747,1,7203.T:2023-08-14,0.1
8031.T,2023-08-14,2023-08-16,2631.662354044996,2532.636932487616,4718,replaced,-467201.9389077189,-3.762846757494287,1,8031.T:2023-08-14,0.1
4578.T,2023-08-15,2023-08-17,5324.9904758972625,5280.9105846520715,2333,replaced,-102838.38627503059,-0.8277928654466415,1,4578.T:2023-08-15,0.1
6301.T,2023-08-14,2023-08-18,3630.9884335173842,3448.420274651017,3423,po_break,-637047.2158036059,-5.028056745680987,3,6301.T:2023-08-14,0.1
8001.T,2023-08-16,2023-08-18,1047.5825574376306,1003.610472923469,11811,stop_sma20_break,-531467.6106375597,-4.197481544721072,1,8001.T:2023-08-16,0.1
1928.T,2023-08-14,2023-08-21,2640.264887651417,2585.2300953416698,4734,po_break,-272903.453419089,-2.0844420787909046,4,1928.T:2023-08-14,0.1
4519.T,2023-08-17,2023-08-23,4007.0643899566567,3992.4536622464416,3060,po_break,-56948.08941312891,-0.3646242308168457,3,4519.T:2023-08-17,0.1
8801.T,2023-08-18,2023-08-23,939.3940228236895,951.8923885396018,12963,po_break,149757.94190012015,1.3304710709510337,2,8801.T:2023-08-18,0.1
9022.T,2023-08-15,2023-08-24,3565.5786011587616,3556.5057959672754,3477,po_break,-43927.88737520102,-0.2544553410921191,6,9022.T:2023-08-15,0.1
6501.T,2023-08-17,2023-08-24,1769.0944814267466,1805.9483422104688,6930,po_break,243009.731847292,2.0832047790912966,4,6501.T:2023-08-17,0.1
4519.T,2023-08-22,2023-08-24,4006.119403412471,4013.21297200739,3067,po_break,9458.328682909929,0.17706832674224682,1,4519.T:2023-08-22,0.1
1605.T,2023-08-23,2023-08-25,1799.680845419654,1810.9999024508618,6862,po_break,65283.12370220471,0.6289480193121921,1,1605.T:2023-08-23,0.1
6701.T,2023-08-14,2023-08-25,1393.3894084187286,1444.4479294624355,8959,replaced,457433.29003056954,3.664339683882778,8,6701.T:2023-08-14,0.1
4507.T,2023-08-22,2023-08-28,1958.9415115808204,1984.438384939488,6270,replaced,159865.39595884646,1.301563788808191,3,4507.T:2023-08-22,0.1
9434.T,2023-08-15,2023-08-29,141.71025353279148,145.21143552062688,87568,replaced,306591.50431076984,2.470662426008019,9,9434.T:2023-08-15,0.1
2802.T,2023-08-23,2023-08-29,2780.248329642231,2914.702779251935,4435,replaced,596305.484019038,4.836059001499549,3,2802.T:2023-08-23,0.1
6501.T,2023-08-23,2023-08-30,1787.0164537235516,1831.1430611288802,6895,replaced,304252.9580597401,2.469289374106398,4,6501.T:2023-08-23,0.1
8802.T,2023-08-24,2023-08-30,1678.7462674798285,1758.8041706278,7423,replaced,594269.8150673924,4.768910269456983,3,8802.T:2023-08-24,0.1
5401.T,2023-08-28,2023-09-05,546.6218490957644,584.9694655412483,11508,rsi_half,434793.19363020646,7.015383031051425,5,5401.T:2023-08-28,0.1
4689.T,2023-08-29,2023-09-12,394.6157968817248,414.32923154760107,31944,trail_sma10,616805.4869726782,4.995602006217914,9,4689.T:2023-08-29,0.1
5401.T,2023-08-28,2023-09-14,546.6218490957644,578.3422337950511,11508,po_break,358565.1437864374,5.80298514443931,12,5401.T:2023-08-28,0.1
7936.T,2023-09-11,2023-09-14,1278.4807934372445,1355.4430814549646,10217,po_break,772868.2965621593,6.019823560337101,2,7936.T:2023-09-11,0.1
8725.T,2023-08-24,2023-09-15,1518.77895100225,1696.4917132958553,8196,max_holding_days,1443357.6205760948,11.701028788707646,15,8725.T:2023-08-24,0.1
7267.T,2023-08-28,2023-09-15,1337.1489768648432,1543.4919512919241,4693,rsi_half,961608.1550483707,15.431562077015881,13,7267.T:2023-08-28,0.1
9735.T,2023-09-13,2023-09-15,4894.241703082963,4903.40437505851,2722,po_break,11606.196805087848,0.1872133117123198,1,9735.T:2023-09-13,0.1
2914.T,2023-08-25,2023-09-19,2786.184023239617,2958.6688739143533,4449,max_holding_days,754605.6753821824,6.190719968101055,15,2914.T:2023-08-25,0.1
7267.T,2023-08-28,2023-09-20,1337.1489768648432,1580.6175338055791,4694,max_holding_days,1135993.4082792706,18.208035241636743,15,7267.T:2023-08-28,0.1
9022.T,2023-08-29,2023-09-21,3573.389156604146,3771.8447365751326,3534,max_holding_days,688362.9913282185,5.553707454566248,15,9022.T:2023-08-29,0.1
1925.T,2023-09-20,2023-09-22,3850.776993451341,3702.5934171943763,3503,replaced,-519087.06762814644,-3.848147439048444,1,1925.T:2023-09-20,0.1
3382.T,2023-09-13,2023-09-25,1916.2098032381455,1865.8690251381486,6932,po_break,-362070.9590083307,-2.6271015843321255,6,3382.T:2023-09-13,0.1
7453.T,2023-09-14,2023-09-26,964.1181940264634,955.648044983468,13962,po_break,-131662.10905282915,-0.8785384505214378,6,7453.T:2023-09-14,0.1
4507.T,2023-09-14,2023-09-26,2058.207290772185,2081.3381322028126,6538,replaced,151229.4412734439,1.1238343938597906,6,4507.T:2023-09-14,0.1
6981.T,2023-09-21,2023-09-27,2612.0244072201704,2524.029967887497,5124,po_break,-464042.0784496434,-3.3688214815083106,3,6981.T:2023-09-21,0.1
4901.T,2023-09-25,2023-09-27,2801.837565199624,2737.7156256197313,4788,po_break,-320277.53704734717,-2.2885673450996125,1,4901.T:2023-09-25,0.1
8801.T,2023-09-25,2023-09-27,1059.9495650726349,1040.9566382857302,12659,po_break,-253729.1460095836,-1.7918708033625386,1,8801.T:2023-09-25,0.1
8015.T,2023-09-26,2023-09-28,2764.6917506396994,2772.999398174175,4819,po_break,26691.486645570712,0.3004909148570878,1,8015.T:2023-09-26,0.1
6701.T,2023-09-26,2023-09-28,1587.2607159575612,1588.9312981686508,8387,po_break,691.8117931701654,0.10524938935956296,1,6701.T:2023-09-26,0.1
8591.T,2023-09-26,2023-09-28,2632.988745669863,2606.7532219356676,5051,po_break,-145748.59872060842,-0.9964160985245996,1,8591.T:2023-09-26,0.1
6902.T,2023-09-22,2023-09-29,2307.9044949057666,2313.936072349615,5753,po_break,21404.940642750997,0.261344325866264,4,6902.T:2023-09-22,0.1
9107.T,2023-09-27,2023-09-29,1565.2577241662366,1566.2739602017139,8488,po_break,-4664.4089993264515,0.06492451816639822,1,9107.T:2023-09-27,0.1
9101.T,2023-09-27,2023-09-29,3593.577610483815,3550.746450781916,3692,po_break,-171321.06383650837,-1.1918807479472493,1,9101.T:2023-09-27,0.1
8630.T,2023-09-15,2023-10-02,1998.9386528247217,1968.963589997301,6725,stop_sma20_break,-214924.36880589355,-1.499548912372206,9,8630.T:2023-09-15,0.1
9735.T,2023-09-19,2023-10-02,4944.061981662065,4882.206366040995,2738,po_break,-182812.83693849455,-1.2511092265933832,8,9735.T:2023-09-19,0.1
5411.T,2023-09-28,2023-10-02,2032.804629154023,1964.9823935385011,6505,po_break,-454186.44497027656,-3.336387306622124,1,5411.T:2023-09-28,0.1
9433.T,2023-09-28,2023-10-02,2134.7724311821075,2104.6040099339457,6185,po_break,-199701.95706403244,-1.4131914394011735,1,9433.T:2023-09-28,0.1
8306.T,2023-09-28,2023-10-02,1208.996761154263,1175.1452067465455,10912,po_break,-382396.0402738797,-2.79997064470201,1,8306.T:2023-09-28,0.1
2503.T,2023-09-27,2023-10-03,1970.1007725577517,1937.2838575725482,6725,po_break,-233832.33409430692,-1.665748038999948,3,2503.T:2023-09-27,0.1
9735.T,2023-09-29,2023-10-03,4918.31935546875,4796.175890626455,2642,po_break,-335535.8823334342,-2.4834390777508486,1,9735.T:2023-09-29,0.1
5401.T,2023-09-29,2023-10-03,597.0257995207954,573.0622393759861,21729,po_break,-533416.6198851558,-4.0138232156874505,1,5401.T:2023-09-29,0.1
8725.T,2023-09-29,2023-10-03,1688.4577568919149,1624.3660514514124,7654,po_break,-503236.09015613556,-3.795872604978956,1,8725.T:2023-09-29,0.1
8306.T,2023-09-29,2023-10-03,1194.1738461874606,1187.1650301183365,10794,po_break,-88505.24656554816,-0.5869175657715608,1,8306.T:2023-09-29,0.1
7532.T,2023-10-02,2023-10-04,614.9116805273128,578.5762835692082,20868,po_break,-770699.9171391106,-5.909043218522947,1,7532.T:2023-10-02,0.1
4507.T,2023-10-02,2023-10-05,2093.5597201716337,1999.2149802285467,6109,po_break,-588853.3966346908,-4.506426973831557,2,4507.T:2023-10-02,0.1
2914.T,2023-10-03,2023-10-05,3061.340691881644,2936.523198822578,4139,po_break,-529032.1830932875,-4.077216671442985,1,2914.T:2023-10-03,0.1
6920.T,2023-10-02,2023-10-10,22837.242535272668,22641.285110879646,559,po_break,-122251.44871279884,-0.8580607929804196,4,6920.T:2023-10-02,0.1
6920.T,2023-10-06,2023-10-11,22156.98487431185,23843.907355636402,570,po_break,948435.5600694597,7.613501976436887,1,6920.T:2023-10-06,0.1
4519.T,2023-10-10,2023-10-12,4254.787710951668,4383.11161670478,3010,po_break,373254.91782874643,3.015988445741069,1,4519.T:2023-10-10,0.1
7974.T,2023-10-13,2023-10-18,5996.021528632383,5815.919014107173,2151,stop_sma20_break,-400104.25079744245,-3.0037002646701394,2,7974.T:2023-10-13,0.1
8750.T,2023-10-06,2023-10-20,680.1462669030183,705.6053002465947,18506,po_break,458322.5118053891,3.743170341800406,8,8750.T:2023-10-06,0.1
8750.T,2023-10-19,2023-10-23,705.6630761161413,694.5625496359223,18085,po_break,-213414.5616156227,-1.5730632444756032,1,8750.T:2023-10-19,0.1
7735.T,2023-10-19,2023-10-23,3567.416956804189,3414.1899841069917,3579,stop_sma20_break,-560892.9209040294,-4.295179805235416,1,7735.T:2023-10-19,0.1
6146.T,2023-10-06,2023-10-24,27507.48854778343,28344.539247828474,460,po_break,372197.3556277301,3.0429920877400374,10,6146.T:2023-10-06,0.1
4519.T,2023-10-18,2023-10-24,4321.9191558831335,4222.696157471313,2981,po_break,-308519.50739019114,-2.2958087560882467,3,4519.T:2023-10-18,0.1
6762.T,2023-10-18,2023-10-25,1109.6887450720958,1087.928123664207,11640,po_break,-266083.76336387,-1.9609662172859976,4,6762.T:2023-10-18,0.1
4507.T,2023-10-18,2023-10-27,2178.8829898032486,2130.075099156605,5902,po_break,-300779.90591701044,-2.240041841395568,6,4507.T:2023-10-18,0.1
7751.T,2023-10-26,2023-10-30,3361.440772367336,3166.1642529943215,3761,po_break,-746710.1506121008,-5.809310132080325,1,7751.T:2023-10-26,0.1
1605.T,2023-10-26,2023-10-30,1966.787513405947,1954.7227271110523,6421,po_break,-90058.0014266987,-0.6134260164180949,1,1605.T:2023-10-26,0.1
7453.T,2023-10-23,2023-11-02,970.432354074006,1023.7528395703125,13009,replaced,693646.1958214521,5.494508223315098,7,7453.T:2023-10-23,0.1
1925.T,2023-11-01,2023-11-07,3882.383352791458,3939.970524814516,3302,replaced,190152.84202013744,1.4832943269667664,2,1925.T:2023-11-01,0.1
8630.T,2023-11-01,2023-11-08,2038.7000065735858,2012.7384495483589,6289,replaced,-163272.2321316524,-1.2734368441416843,3,8630.T:2023-11-01,0.1
5019.T,2023-10-25,2023-11-09,611.5982297537427,594.1143572524671,20717,stop_sma20_break,-374702.7604414289,-2.8587186245315532,9,5019.T:2023-10-25,0.1
9432.T,2023-11-07,2023-11-09,163.121501834021,154.97772188131972,78162,stop_sma20_break,-648965.7644250556,-4.992462588400947,1,9432.T:2023-11-07,0.1
7974.T,2023-11-08,2023-11-10,6281.546269254455,6753.41837823158,999,rsi_half,464889.27202672884,7.5120374626028275,1,7974.T:2023-11-08,0.1
9735.T,2023-10-31,2023-11-13,4913.530674609374,5094.8914876850895,2585,po_break,455881.81615595944,3.6910487607800135,7,9735.T:2023-10-31,0.1
8031.T,2023-11-08,2023-11-13,2635.5357851621093,2646.1374871640623,4778,replaced,50654.932165331775,0.4022598388395915,2,8031.T:2023-11-08,0.1
7974.T,2023-11-08,2023-11-13,6281.546269254455,6647.035387708261,999,replaced,365123.62933535175,5.818457793469145,2,7974.T:2023-11-08,0.1
9735.T,2023-11-10,2023-11-14,5073.962989651989,5185.700921662159,2535,po_break,270251.5336381902,2.2021826378720633,1,9735.T:2023-11-10,0.1
8630.T,2023-11-10,2023-11-14,2001.3236060538918,2024.144957227152,6425,po_break,133695.36352865613,1.1403128961366749,1,8630.T:2023-11-10,0.1
8593.T,2023-11-10,2023-11-14,897.4991256357256,866.694517343079,14345,po_break,-454545.7848622802,-3.4322716772371975,1,8593.T:2023-11-10,0.1
8630.T,2023-11-13,2023-11-15,2013.9881478202835,2017.671198798749,6429,po_break,10718.565770847285,0.1828735180220198,1,8630.T:2023-11-13,0.1
8725.T,2023-11-13,2023-11-15,1689.6625727695596,1722.657591898226,7669,po_break,239954.26002632402,1.9527578855335292,1,8725.T:2023-11-13,0.1
2914.T,2023-10-24,2023-11-16,3048.026655819532,3320.973250949654,4149,max_holding_days,1119242.9328882825,8.954862471723812,15,2914.T:2023-10-24,0.1
4507.T,2023-11-14,2023-11-16,2224.0545038499495,2205.5229132417617,5852,po_break,-121407.81176152534,-0.833234553204909,1,4507.T:2023-11-14,0.1
8802.T,2023-11-14,2023-11-17,1913.8538483563761,1894.1411114102846,6796,po_break,-146907.3271589255,-1.0300022106192186,2,8802.T:2023-11-14,0.1
8802.T,2023-11-16,2023-11-20,1878.6354844163131,1869.5856681289438,6907,po_break,-75451.56284717526,-0.4817228441834298,1,8802.T:2023-11-16,0.1
8031.T,2023-11-15,2023-11-21,2685.5719098267987,2590.134746816207,4847,replaced,-462583.92911233736,-3.553699778485786,3,8031.T:2023-11-15,0.1
8725.T,2023-11-20,2023-11-22,1620.690564404787,1624.666426065131,8052,po_break,18947.83084545784,0.24531898609554403,1,8725.T:2023-11-20,0.1
7751.T,2023-11-15,2023-11-22,3432.063122778968,3392.2535743476656,3795,replaced,-151077.23629679327,-1.159930543441423,4,7751.T:2023-11-15,0.1
9434.T,2023-11-01,2023-11-24,155.21139281337398,160.222476407097,82684,po_break,401295.7688420811,3.2285539758981185,14,9434.T:2023-11-01,0.1
4507.T,2023-11-21,2023-11-24,2222.48583774659,2202.392133862824,5850,po_break,-130490.9357869887,-0.9041094229936375,1,4507.T:2023-11-21,0.1
7751.T,2023-11-22,2023-11-28,3399.0448727948074,3454.4966713104086,3847,po_break,200140.2817294316,1.6313935411510716,2,7751.T:2023-11-22,0.1
6762.T,2023-11-06,2023-11-29,1130.0395695413545,1268.4192731096764,11380,max_holding_days,1561113.7957928192,12.245562659764708,15,6762.T:2023-11-06,0.1
8604.T,2023-11-28,2023-11-30,537.4977460289238,522.2841885400437,24632,po_break,-387792.62237224454,-2.8304411695265763,1,8604.T:2023-11-28,0.1
4661.T,2023-11-29,2023-12-01,5001.54242591399,4971.780972010725,2615,po_break,-90866.32229982386,-0.5950455153407197,1,4661.T:2023-11-29,0.1
9433.T,2023-11-30,2023-12-04,2119.4774331833296,2127.7315920625338,6197,po_break,37991.045409703926,0.3894431122489994,1,9433.T:2023-11-30,0.1
8766.T,2023-11-13,2023-12-05,3205.514936093671,3418.8754770235514,4037,po_break,847965.1716850494,6.656045758123574,14,8766.T:2023-11-13,0.1
8306.T,2023-11-17,2023-12-05,1157.5796851216085,1148.3324179308406,11249,po_break,-116992.11125256597,-0.7988449788488117,10,8306.T:2023-11-17,0.1
7309.T,2023-11-27,2023-12-06,21771.73327951002,21838.793342397836,609,po_break,27560.17294230928,0.308014350657726,6,7309.T:2023-11-27,0.1
8306.T,2023-12-04,2023-12-06,1176.1084169384137,1146.4833414451869,11163,po_break,-343668.2636303095,-2.51890685132119,1,8306.T:2023-12-04,0.1
4188.T,2023-12-04,2023-12-11,880.0774814878959,869.0986679100708,14879,po_break,-176366.7631879045,-1.24748261474249,4,4188.T:2023-12-04,0.1
7309.T,2023-12-05,2023-12-11,21757.280443174444,21492.680267966058,600,po_break,-171735.09333837414,-1.2161454456565357,3,7309.T:2023-12-05,0.1
8802.T,2023-12-05,2023-12-11,1918.6783560496267,1855.6227931766539,6818,po_break,-442779.42028564104,-3.286406117740237,3,8802.T:2023-12-05,0.1
5108.T,2023-11-22,2023-12-13,2705.177796464396,2756.4371295028945,4836,replaced,247890.13457417837,1.8948600386079262,13,5108.T:2023-11-22,0.1
8630.T,2023-11-21,2023-12-14,2010.2812873072637,2174.2758558962573,6462,max_holding_days,1046212.598092386,8.15779212712373,15,8630.T:2023-11-21,0.1
8801.T,2023-12-01,2023-12-14,1107.1073411352388,1105.2109650657653,11913,po_break,-35769.20210652397,-0.17129107531063115,8,8801.T:2023-12-01,0.1
4568.T,2023-12-08,2023-12-14,3908.609806355365,3909.3925227791387,3332,po_break,-10416.780756323904,0.020025442869764376,3,4568.T:2023-12-08,0.1
3563.T,2023-12-12,2023-12-14,2800.576594014438,2856.9931623319476,4695,po_break,251594.64324768487,2.0144626088101525,1,3563.T:2023-12-12,0.1
8725.T,2023-12-13,2023-12-15,1698.99937632334,1622.8628847459238,7715,po_break,-600207.11619184,-4.481254827896208,1,8725.T:2023-12-13,0.1
4578.T,2023-12-13,2023-12-15,5411.156345207204,5143.321764681581,2422,po_break,-661476.8270241345,-4.949673663797405,1,4578.T:2023-12-13,0.1
9434.T,2023-12-14,2023-12-18,163.16399279934447,156.47958686664487,79033,po_break,-540919.8495949189,-4.096740842153778,1,9434.T:2023-12-14,0.1
6971.T,2023-12-08,2023-12-19,1895.4652975118884,1890.039561498417,6884,po_break,-50380.47444145025,-0.28624823786504994,6,6971.T:2023-12-08,0.1
7532.T,2023-12-08,2023-12-19,656.9669390200628,634.0804013557771,19852,stop_sma20_break,-467158.48161197023,-3.4836665751283413,6,7532.T:2023-12-08,0.1
4901.T,2023-12-13,2023-12-19,2797.577797955074,2681.298220485997,4699,po_break,-559270.3537325207,-4.156437670976409,3,4901.T:2023-12-13,0.1
8601.T,2023-12-14,2023-12-19,865.1963071605217,842.5673974221709,14930,po_break,-350598.07844828704,-2.6154653633019276,2,8601.T:2023-12-14,0.1
2897.T,2023-12-15,2023-12-19,4673.335495586775,4504.5311853067415,2734,po_break,-474057.128058394,-3.612073441751462,1,2897.T:2023-12-15,0.1
6701.T,2023-12-13,2023-12-20,1614.7897690181665,1609.6124391224093,8098,po_break,-54981.622036602275,-0.3206194388329031,4,6701.T:2023-12-13,0.1
3769.T,2023-12-18,2023-12-21,8626.865442142145,8693.885778542775,1464,replaced,98117.77249052259,0.7768793526468754,2,3769.T:2023-12-18,0.1
9022.T,2023-12-18,2023-12-21,3557.277845214843,3462.1491707057057,3552,replaced,-337897.0518564562,-2.6741986048995914,2,9022.T:2023-12-18,0.1
6758.T,2023-12-20,2023-12-25,2585.906524745336,2576.8085842314927,4915,po_break,-57403.75000585009,-0.3518278958184351,2,6758.T:2023-12-20,0.1
7453.T,2023-12-19,2023-12-26,1131.6853928905707,1129.9091429093207,11186,po_break,-32518.230528991022,-0.15695616400182022,4,7453.T:2023-12-19,0.1
3563.T,2023-12-20,2023-12-27,2847.9186716479658,2812.2066469042716,4480,po_break,-172668.55156530702,-1.2539692618058207,4,3563.T:2023-12-20,0.1
7453.T,2023-12-25,2023-12-27,1120.514288137636,1135.9681661485997,11310,po_break,162022.95202501147,1.3791772380385314,1,7453.T:2023-12-25,0.1
4661.T,2023-12-18,2023-12-28,5209.526880615742,5205.048984495864,2425,replaced,-10858.898090704384,-0.08595590775315465,7,4661.T:2023-12-18,0.1
7741.T,2023-12-18,2023-12-28,16584.893959857625,17058.642614794346,761,replaced,360522.7264068442,2.856506988126606,7,7741.T:2023-12-18,0.1
6861.T,2023-12-27,2023-12-29,61493.55099993906,60869.90753016214,207,po_break,-141758.81620168829,-1.0141607691147025,1,6861.T:2023-12-27,0.1
8604.T,2023-12-18,2024-01-04,547.5039152775913,561.1682272374491,23011,po_break,301673.6551725797,2.495746893961437,9,8604.T:2023-12-18,0.1
6503.T,2023-12-28,2024-01-04,1919.5302361600309,1922.8751268310548,6660,po_break,9481.762010258886,0.17425569068998392,1,6503.T:2023-12-28,0.1
4704.T,2023-12-26,2024-01-05,7052.055500696463,7141.4440389435185,1795,replaced,160452.42615346424,1.2675529601011704,4,4704.T:2023-12-26,0.1
6723.T,2023-12-26,2024-01-09,2457.592817545859,2335.794055744915,5149,po_break,-639482.3990183467,-4.956018789254579,5,6723.T:2023-12-26,0.1
6762.T,2024-01-04,2024-01-09,1261.3591066743006,1277.8078247460803,10114,po_break,153521.76740578696,1.3040471967692424,1,6762.T:2024-01-04,0.1
7974.T,2023-12-22,2024-01-15,6614.658314974165,7690.9185625135715,952,rsi_half,1017790.3010638312,16.270836622097097,11,7974.T:2023-12-22,0.1
8001.T,2024-01-05,2024-01-16,1088.6032799782772,1247.8889436471673,5840,rsi_half,923405.7185333315,14.632113148884551,5,8001.T:2024-01-05,0.1
7974.T,2023-12-22,2024-01-19,6614.658314974165,7821.9979801333275,953,max_holding_days,1143715.6341720636,18.252487243762914,15,7974.T:2023-12-22,0.1
4519.T,2023-12-27,2024-01-19,5065.089029315194,5366.601369813961,2514,trail_sma10,744889.3891821952,5.952755001021814,12,4519.T:2023-12-27,0.1
4452.T,2023-12-29,2024-01-19,5524.203087858466,5522.694492884439,2317,po_break,-16293.245402110962,-0.02730882536420287,10,4452.T:2023-12-29,0.1
2914.T,2024-01-18,2024-01-22,3485.2433385473882,3456.432591414767,3857,replaced,-111123.05169051976,-0.8266495143673169,1,2914.T:2024-01-18,0.1
3382.T,2024-01-18,2024-01-22,1822.0480024710728,1819.3567722065857,7394,replaced,-19898.95657561764,-0.14770358743771972,1,3382.T:2024-01-18,0.1
6701.T,2023-12-29,2024-01-23,1632.384415771484,1833.98254568102,3921,rsi_half,783670.4549473623,12.34991757834556,12,6701.T:2023-12-29,0.1
7532.T,2024-01-19,2024-01-23,667.5983206980646,655.0684355736882,20185,po_break,-266264.7454732101,-1.8768598925285929,1,7532.T:2024-01-19,0.1
6367.T,2024-01-19,2024-01-23,23230.33909324378,23633.72562539895,578,po_break,219613.70088200117,1.736464244176661,1,6367.T:2024-01-19,0.1
4062.T,2024-01-22,2024-01-24,4025.8838891111996,3947.14465751551,3383,po_break,-279861.1982748366,-1.955824702462372,1,4062.T:2024-01-22,0.1
7751.T,2024-01-18,2024-01-24,3533.386277059352,3554.313307826451,3816,replaced,79857.54940724994,0.5922655811216648,3,7751.T:2024-01-18,0.1
6954.T,2024-01-23,2024-01-25,4074.7717935373607,3989.0258099795137,3345,po_break,-300307.01649288024,-2.1043137604378592,1,6954.T:2024-01-23,0.1
6701.T,2023-12-29,2024-01-26,1632.384415771484,1812.5211014412587,3922,max_holding_days,699740.6214776017,11.035187785999522,15,6701.T:2023-12-29,0.1
2914.T,2024-01-23,2024-01-26,3466.0888829343776,3467.3561357593067,3937,po_break,-8659.312147552755,0.03656146358994583,2,2914.T:2024-01-23,0.1
8001.T,2024-01-05,2024-01-29,1088.6032799782772,1231.1600284266694,5840,trail_sma10,825757.7020780682,13.095381124631267,14,8001.T:2024-01-05,0.1
6501.T,2024-01-05,2024-01-29,1975.968272164966,2166.895431409994,6447,trail_sma10,1217552.8745042228,9.662460776044712,14,6501.T:2024-01-05,0.1
5020.T,2024-01-25,2024-01-29,558.2945095557973,554.1246726305711,24259,po_break,-114649.16243939073,-0.746888399197021,1,5020.T:2024-01-25,0.1
4063.T,2024-01-24,2024-01-30,5601.185490089732,5464.2702855173875,2422,stop_sma20_break,-345008.8924184796,-2.4443969015950473,3,4063.T:2024-01-24,0.1
5411.T,2024-01-26,2024-01-30,2050.2284596548534,2072.8846864936904,6536,po_break,134606.76485702538,1.105058645154644,1,5411.T:2024-01-26,0.1
6301.T,2024-01-26,2024-01-31,3537.5036236747364,3679.8003106167525,3786,po_break,525072.9004148592,4.0225170651330355,2,6301.T:2024-01-26,0.1
6861.T,2024-01-29,2024-01-31,65143.81073027572,64886.002232830804,206,replaced,-53108.550473652635,-0.39575286516835284,1,6861.T:2024-01-29,0.1
6981.T,2024-01-22,2024-02-01,2853.8277313022368,2833.4103351239687,4764,po_break,-110815.47646749628,-0.7154389858336496,7,6981.T:2024-01-22,0.1
6645.T,2024-01-30,2024-02-01,6489.253806402981,6267.985681172655,2084,po_break,-474415.81652605406,-3.409762228933011,1,6645.T:2024-01-30,0.1
1925.T,2024-01-30,2024-02-02,4178.404268483115,4154.409793656507,3242,po_break,-91297.57898259141,-0.5742497203440444,2,1925.T:2024-01-30,0.1
4063.T,2024-01-31,2024-02-02,5542.96968624335,5624.283290693804,2454,po_break,185841.36591871118,1.4669682327915101,1,4063.T:2024-01-31,0.1
6981.T,2024-01-31,2024-02-02,2850.0226785217787,2870.9110236247857,4780,po_break,86173.25804424289,0.7329185574705965,1,6981.T:2024-01-31,0.1
1925.T,2024-02-01,2024-02-05,4139.672393112873,4079.862027036157,3281,po_break,-209721.9573139583,-1.444809163551719,1,1925.T:2024-02-01,0.1
6861.T,2024-02-01,2024-02-06,65291.38963404333,66182.15589139344,207,replaced,184388.61527147377,1.3642936110608739,2,6861.T:2024-02-01,0.1
5411.T,2024-02-01,2024-02-06,2086.416745828512,2082.248078085024,6509,replaced,-27133.85834236164,-0.19980033959285937,2,5411.T:2024-02-01,0.1
1605.T,2024-02-02,2024-02-07,1862.662846590876,1857.5594188455216,7266,stop_sma20_break,-50597.07348807505,-0.27398558760619585,2,1605.T:2024-02-02,0.1
5020.T,2024-02-05,2024-02-07,557.3670691432584,548.1086708873505,24592,po_break,-241275.4596087029,-1.661095311952887,1,5020.T:2024-02-05,0.1
6503.T,2024-02-05,2024-02-07,2077.3323966120975,1980.3172516056943,6594,po_break,-653095.9370623963,-4.670179176169609,1,6503.T:2024-02-05,0.1
9432.T,2024-02-06,2024-02-08,171.4158526560028,169.50976507048819,78904,stop_sma20_break,-163848.1323179916,-1.1119669248676578,1,9432.T:2024-02-06,0.1
9983.T,2024-02-06,2024-02-08,37992.045315188996,38052.635021001945,355,po_break,8011.414803922833,0.15947997879630638,1,9983.T:2024-02-06,0.1
4704.T,2024-02-07,2024-02-09,7794.051335565583,8079.881732973351,1737,po_break,482700.889427267,3.6672891298967336,1,4704.T:2024-02-07,0.1
7751.T,2024-01-25,2024-02-09,3542.7339815650184,3807.1263610202955,3826,replaced,1011565.2437958899,7.462947566231892,10,7751.T:2024-01-25,0.1
6326.T,2024-01-29,2024-02-13,2117.6415783678826,2059.341973683752,6366,po_break,-384430.62206535717,-2.7530440127202183,9,6326.T:2024-01-29,0.1
5411.T,2024-02-08,2024-02-13,2081.9492309219536,2010.9078076825822,6610,po_break,-483110.7001248329,-3.4122553126769595,1,5411.T:2024-02-08,0.1
8001.T,2024-02-09,2024-02-14,1252.0821618210541,1242.4377103021689,10958,po_break,-119351.37412330783,-0.770273054993309,1,8001.T:2024-02-09,0.1
9022.T,2024-02-09,2024-02-15,3687.61302896594,3616.6748953057145,3715,replaced,-263535.1665477377,-1.9236870328586897,2,9022.T:2024-02-09,0.1
8113.T,2024-02-14,2024-02-16,1673.3128713938856,1671.5879735408982,8264,po_break,-28075.68614835837,-0.10308280552163707,1,8113.T:2024-02-14,0.1
8058.T,2024-02-07,2024-02-19,2521.5972375602364,2861.4212479275548,2688,rsi_half,906212.1630228561,13.476538017471572,6,8058.T:2024-02-07,0.1
3382.T,2024-01-26,2024-02-20,1837.2660180295206,2000.3429376155827,7290,max_holding_days,1174842.6591390662,8.876064651811454,15,3382.T:2024-01-26,0.1
6501.T,2024-02-19,2024-02-21,2333.4691502968553,2396.673901452259,6092,replaced,385043.34403871966,2.708617388293444,1,6501.T:2024-02-19,0.1
2503.T,2024-02-20,2024-02-22,2008.1363365718908,1998.5258777399015,7069,po_break,-82097.88107981713,-0.47857601383755055,1,2503.T:2024-02-20,0.1
4543.T,2024-02-06,2024-02-27,2436.9580493247086,2850.894896689352,2769,rsi_half,1138870.0979489419,16.985801108859768,12,4543.T:2024-02-06,0.1
4543.T,2024-02-06,2024-03-01,2436.9580493247086,2809.549560975481,2770,max_holding_days,1024812.0742323744,15.28920498873665,15,4543.T:2024-02-06,0.1
8058.T,2024-02-07,2024-03-04,2521.5972375602364,3068.3383071100225,2689,max_holding_days,1462671.0676795656,21.682331397173638,15,8058.T:2024-02-07,0.1
7202.T,2024-02-15,2024-03-04,1855.8223702330088,1902.5578527904395,7496,po_break,336242.76817460876,2.518316586062208,10,7202.T:2024-02-15,0.1
4063.T,2024-02-08,2024-03-05,5562.056966188032,6308.150750600346,2470,max_holding_days,1828191.9409681833,13.41399034472046,15,4063.T:2024-02-08,0.1
9434.T,2024-02-29,2024-03-05,177.84918723722936,175.87043180809772,81115,po_break,-174852.7300834437,-1.1126030204974824,2,9434.T:2024-02-29,0.1
5108.T,2024-03-04,2024-03-06,2982.9643170910767,2944.4690556014334,4916,po_break,-203812.33671316478,-1.290503586284364,1,5108.T:2024-03-04,0.1
9983.T,2024-02-13,2024-03-07,39467.17936235526,43414.02620430119,350,max_holding_days,1366892.1837069113,10.000326614955735,15,9983.T:2024-02-13,0.1
6920.T,2024-03-04,2024-03-07,40114.899717133616,39179.6412574093,364,stop_sma20_break,-354865.68579701876,-2.3314490783205355,2,6920.T:2024-03-04,0.1
6762.T,2024-03-01,2024-03-08,1503.8396170627534,1451.4011114053606,9718,stop_sma20_break,-523956.91267817025,-3.4869746123468826,4,6762.T:2024-03-01,0.1
3132.T,2024-03-01,2024-03-08,2546.2318948571465,2425.2475951455544,5750,po_break,-709952.7268754119,-4.751503582841565,4,3132.T:2024-03-01,0.1
8473.T,2024-03-06,2024-03-08,1789.9000008667665,1773.7409008200175,8215,po_break,-147384.66188772165,-0.9027934543228033,1,8473.T:2024-03-06,0.1
4042.T,2024-03-06,2024-03-08,1803.6537694218882,1823.21908035431,8150,po_break,144677.7772364003,1.0847597950405463,1,4042.T:2024-03-06,0.1
6301.T,2024-03-05,2024-03-12,4036.382081743087,3766.703476055783,3649,stop_sma20_break,-998293.9617531757,-6.681196185739802,4,6301.T:2024-03-05,0.1
4751.T,2024-03-07,2024-03-12,1053.1382240433295,1005.7392526662056,13797,po_break,-668166.7743632587,-4.500736018786244,2,4751.T:2024-03-07,0.1
6988.T,2024-03-11,2024-03-13,2619.6464439584984,2633.454059568727,5432,po_break,60735.54702718302,0.5270793561502396,1,6988.T:2024-03-11,0.1
6752.T,2024-03-11,2024-03-13,1334.1381026242318,1303.7923197301914,10652,po_break,-337292.8968167784,-2.2745608445145726,1,6752.T:2024-03-11,0.1
6326.T,2024-03-07,2024-03-14,2169.441872065565,2068.3535701155624,6681,po_break,-689527.3010025725,-4.659645563757575,4,6326.T:2024-03-07,0.1
9434.T,2024-03-12,2024-03-14,177.1714180255287,174.51759061104912,80217,stop_sma20_break,-226987.79231020974,-1.497886873658827,1,9434.T:2024-03-12,0.1
8308.T,2024-02-21,2024-03-15,775.9726227566707,852.0259407521905,18331,max_holding_days,1379211.9513420332,9.801031088614653,15,8308.T:2024-02-21,0.1
8591.T,2024-03-13,2024-03-15,2900.258977466837,2850.6223384805353,4876,po_break,-256048.9003454879,-1.7114554035328244,1,8591.T:2024-03-13,0.1
4901.T,2024-03-13,2024-03-15,3114.4227489692885,3093.6104722769196,4531,po_break,-108364.72495585663,-0.6682547094564062,1,4901.T:2024-03-13,0.1
9697.T,2024-03-07,2024-03-18,3019.21319298968,2877.5393352270125,4806,stop_sma20_break,-695054.4567326846,-4.692409866637459,6,9697.T:2024-03-07,0.1
5802.T,2024-03-14,2024-03-18,2059.9541015625,2107.8094776842117,6930,po_break,317196.4557213725,2.32312827190726,1,5802.T:2024-03-14,0.1
9697.T,2024-03-15,2024-03-19,2893.493561781973,2941.9690069650437,4966,po_break,226239.60722093104,1.675325835292929,1,9697.T:2024-03-15,0.1
8766.T,2024-03-15,2024-03-19,4093.767467068793,4209.843385433467,3508,po_break,392629.78818798804,2.8354301825498363,1,8766.T:2024-03-15,0.1
8750.T,2024-03-18,2024-03-21,821.9563098750223,861.555133809851,17748,replaced,702799.92719534,4.817631236488684,1,8750.T:2024-03-18,0.1
6098.T,2024-03-18,2024-03-25,6314.350434102478,6612.955205268028,2303,replaced,687686.787994262,4.728986366560339,3,6098.T:2024-03-18,0.1
4911.T,2024-03-19,2024-03-26,4112.121514587127,3938.503803439211,3589,stop_sma20_break,-637560.8124430705,-4.222095833793671,3,4911.T:2024-03-19,0.1
2267.T,2024-03-22,2024-03-26,3016.5881667968747,2924.7069339233512,4949,stop_sma20_break,-469421.9562177998,-3.0458659847852676,1,2267.T:2024-03-22,0.1
3563.T,2024-03-25,2024-03-27,2973.670832573986,2864.3759081575768,4955,po_break,-556020.1112834702,-3.6754210728093373,1,3563.T:2024-03-25,0.1
4911.T,2024-03-25,2024-03-27,4053.6274608934036,3940.449808190542,3626,po_break,-424875.4307894248,-2.792009226173875,1,4911.T:2024-03-25,0.1
9434.T,2024-03-26,2024-03-28,183.81365213379536,182.63075191371894,79476,replaced,-94012.17789079351,-0.6435322982513814,1,9434.T:2024-03-26,0.1
9022.T,2024-03-12,2024-03-29,3738.571290167939,3665.867985755549,3798,po_break,-290188.180343236,-1.94468150449858,11,9022.T:2024-03-12,0.1
2914.T,2024-03-26,2024-03-29,3622.062949723393,3685.8299174217377,4034,replaced,257235.9476951222,1.760515170041832,2,2914.T:2024-03-26,0.1
7532.T,2024-03-07,2024-04-01,680.9817597657566,797.474585610586,21323,max_holding_days,2468213.9631630685,17.106600018905137,15,7532.T:2024-03-07,0.1
6988.T,2024-03-27,2024-04-01,2715.0451900751164,2686.41289608321,5389,po_break,-168853.66113553723,-1.0545789107515469,2,6988.T:2024-03-27,0.1
9735.T,2024-03-28,2024-04-01,5317.692022324165,5186.561272509766,2728,po_break,-372052.48698783334,-2.4659335152148687,1,9735.T:2024-03-28,0.1
9503.T,2024-03-14,2024-04-02,1839.565285912139,2003.3337120018086,7711,trail_sma10,1248002.0364909857,8.902561237910401,11,9503.T:2024-03-14,0.1
4507.T,2024-03-28,2024-04-02,2460.2548748348545,2403.1182968282747,5893,po_break,-351035.78324308037,-2.3223845054027192,2,4507.T:2024-03-28,0.1
7733.T,2024-03-29,2024-04-02,2153.654160766023,2123.6538796066293,6758,po_break,-217194.92394360102,-1.3929943677086443,1,7733.T:2024-03-29,0.1
4042.T,2024-03-14,2024-04-03,1827.7619750686356,1903.4688895836284,7810,po_break,576700.5458356269,4.142055450745974,12,4042.T:2024-03-14,0.1
7974.T,2024-03-29,2024-04-03,7994.545138227447,7766.298903489953,1822,po_break,-430222.76861371857,-2.8550246548248337,2,7974.T:2024-03-29,0.1
3382.T,2024-03-29,2024-04-03,2117.029355306467,2022.2920968792255,6873,stop_sma20_break,-665353.9553408677,-4.475009200499591,2,3382.T:2024-03-29,0.1
9843.T,2024-04-01,2024-04-03,4610.906685977188,4548.8231001532195,3112,po_break,-207456.65863141,-1.3464507102860956,1,9843.T:2024-04-01,0.1
9434.T,2024-04-01,2024-04-03,179.94952502037748,176.87173188998526,79808,po_break,-259871.10958609363,-1.7103646870108125,1,9434.T:2024-04-01,0.1
2801.T,2024-04-01,2024-04-03,1922.6397595867666,1821.7721271602923,7460,po_break,-766439.1942390648,-5.24630950356263,1,2801.T:2024-04-01,0.1
9983.T,2024-04-02,2024-04-04,46178.68262457428,45136.88352620767,305,po_break,-331674.3488398102,-2.256017363761287,1,9983.T:2024-04-02,0.1
6326.T,2024-04-02,2024-04-04,2264.9639581132633,2314.5069333451706,6244,replaced,309346.3373480295,2.187362631287826,1,6326.T:2024-04-02,0.1
2914.T,2024-04-02,2024-04-04,3744.2878427206338,3770.4883577987007,3772,replaced,98828.34287446845,0.6997462849712255,1,2914.T:2024-04-02,0.1
7453.T,2024-04-02,2024-04-04,1194.952560545556,1215.7906531753115,11845,replaced,246827.2071994535,1.7438426693894726,1,7453.T:2024-04-02,0.1
7729.T,2024-04-03,2024-04-05,10869.262479023248,10894.916220099463,1305,po_break,19277.00550328397,0.23602099154129697,1,7729.T:2024-04-03,0.1
7751.T,2024-04-03,2024-04-05,4200.803229132967,4105.651806864495,3378,po_break,-335451.1069787006,-2.265076869313676,1,7751.T:2024-04-03,0.1
5401.T,2024-04-03,2024-04-05,616.5707144969397,599.3012117473406,23009,po_break,-411341.9873410017,-2.8008957194292416,1,5401.T:2024-04-03,0.1
6361.T,2024-04-03,2024-04-05,2558.7575085911003,2564.1896071339384,5542,po_break,15909.003666734377,0.21229438602914374,1,6361.T:2024-04-03,0.1
7735.T,2024-04-04,2024-04-08,9183.677278916075,8820.050612855288,1546,po_break,-576083.7073903162,-3.9594887213164953,1,7735.T:2024-04-04,0.1
7270.T,2024-04-04,2024-04-08,3139.0108387059317,3186.023374372944,4516,po_break,198026.68381909563,1.4976863121120454,1,7270.T:2024-04-04,0.1
8725.T,2024-04-04,2024-04-09,2498.5781629029775,2527.5747902772196,5683,replaced,164787.8333678176,1.1605251260401683,2,8725.T:2024-04-04,0.1
8136.T,2024-04-05,2024-04-10,582.4512366191407,604.5781025136164,24195,replaced,535359.5203168399,3.798921609800665,2,8136.T:2024-04-05,0.1
6301.T,2024-04-02,2024-04-11,4118.681244052549,4147.441993652344,3442,replaced,98994.5001224927,0.698299962914728,6,6301.T:2024-04-02,0.1
6098.T,2024-04-05,2024-04-11,6565.987098512919,6553.86127359917,2143,replaced,-25985.642790164227,-0.18467634388887877,3,6098.T:2024-04-05,0.1
1928.T,2024-04-02,2024-04-12,3224.015799757038,3303.339385389464,4400,replaced,349023.77678267384,2.460396926044961,7,1928.T:2024-04-02,0.1
6323.T,2024-04-04,2024-04-12,2133.2767491263885,2591.6299126082117,6647,replaced,3046673.477663679,21.485874426256512,5,6323.T:2024-04-04,0.1
1801.T,2024-04-11,2024-04-15,5245.962011689434,5173.0299799732375,2741,po_break,-214185.92745866813,-1.3902508549182069,1,1801.T:2024-04-11,0.1
2502.T,2024-04-08,2024-04-16,1752.971340842374,1689.0772924079722,8119,stop_sma20_break,-532728.7756655883,-3.6448997736436506,5,2502.T:2024-04-08,0.1
9843.T,2024-04-10,2024-04-16,4671.73174883948,4472.454491217708,3075,stop_sma20_break,-626836.7535310372,-4.265597177562164,3,9843.T:2024-04-10,0.1
8306.T,2024-04-10,2024-04-17,1440.878646920522,1423.9475855841708,9983,stop_sma20_break,-183322.56546034067,-1.1750511656576035,4,8306.T:2024-04-10,0.1
8015.T,2024-04-12,2024-04-17,3239.4255068860807,3048.4807993126838,4565,stop_sma20_break,-886014.7362164558,-5.8944003239927545,2,8015.T:2024-04-12,0.1
2502.T,2024-04-15,2024-04-17,1745.4071650689139,1655.4215971558424,8387,po_break,-768970.3335013199,-5.155563109511963,1,2502.T:2024-04-15,0.1
8309.T,2024-04-11,2024-04-18,2972.117826112555,2944.0642148464785,4841,stop_sma20_break,-150127.6507692181,-0.9438929715236077,4,8309.T:2024-04-11,0.1
8035.T,2024-04-16,2024-04-18,36682.07478493843,35213.62007286209,392,po_break,-589725.8033260535,-4.003194259555032,1,8035.T:2024-04-16,0.1
8316.T,2024-04-16,2024-04-18,2771.598525098253,2632.715627323371,5185,po_break,-734118.5094029171,-5.010931291715803,1,8316.T:2024-04-16,0.1
6098.T,2024-04-16,2024-04-18,6684.374084732942,6384.082387922745,2141,po_break,-656914.3055246101,-4.4924430171564005,1,6098.T:2024-04-16,0.1
4901.T,2024-04-18,2024-04-22,3123.3210263904107,3232.1729177809943,4524,po_break,478069.82934928476,3.4851329873183845,1,4901.T:2024-04-18,0.1
6315.T,2024-04-18,2024-04-22,3367.2147184230053,3050.5393962033504,4210,stop_sma20_break,-1346712.4789560353,-9.404666726093602,1,6315.T:2024-04-18,0.1
8411.T,2024-04-19,2024-04-23,2777.538802871631,2837.476420673635,5039,po_break,287878.62524857506,2.1579398905259506,1,8411.T:2024-04-19,0.1
6503.T,2024-04-19,2024-04-23,2417.2628252950844,2379.982994458159,5784,po_break,-229500.17647150412,-1.5422332419468998,1,6503.T:2024-04-19,0.1
9502.T,2024-04-19,2024-04-23,1851.242816570447,1893.4166898324343,7540,po_break,303873.63805624447,2.278138388140638,1,9502.T:2024-04-19,0.1
4188.T,2024-04-19,2024-04-23,839.4446367904958,847.0553194254569,16591,po_break,112278.47520985031,0.9066330644578846,1,4188.T:2024-04-19,0.1
4452.T,2024-04-22,2024-04-24,6028.313167078777,6053.429867760355,2359,replaced,59250.29690784165,0.41664558534786345,1,4452.T:2024-04-22,0.1
7733.T,2024-04-23,2024-04-25,2141.5086644452185,2160.9875650951244,6679,po_break,115731.3912821714,0.909587758074859,1,7733.T:2024-04-23,0.1
6954.T,2024-04-23,2024-04-25,4253.477939315186,4194.295756196733,3356,po_break,-212790.77080659554,-1.3913833329527225,1,6954.T:2024-04-23,0.1
8308.T,2024-04-23,2024-04-25,962.716898240807,957.9110548842972,14812,po_break,-85408.32241746849,-0.49919590746684284,1,8308.T:2024-04-23,0.1
9531.T,2024-04-09,2024-04-26,3407.6093249759497,3370.9436664384666,4211,stop_sma20_break,-168671.33142476427,-1.0759936084440036,12,9531.T:2024-04-09,0.1
7309.T,2024-04-24,2024-04-26,24381.23988610881,24047.059499194627,584,replaced,-195161.3459578835,-1.3706455802708462,1,7309.T:2024-04-24,0.1
8725.T,2024-04-25,2024-04-30,2559.3279617482376,2590.4998827044315,5439,replaced,169544.0780807383,1.217972898436237,1,8725.T:2024-04-25,0.1
8766.T,2024-04-25,2024-05-01,4570.02551017234,4683.984232561398,3050,replaced,347574.1032866284,2.4936123909024,2,8766.T:2024-04-25,0.1
2503.T,2024-04-22,2024-05-01,2084.7971038743003,2127.749109049072,6808,replaced,292417.2512298463,2.0602486973409384,5,2503.T:2024-04-22,0.1
8053.T,2024-04-26,2024-05-02,3631.8586462030726,3888.0395729695447,3834,replaced,982197.673222654,7.053714137093325,2,8053.T:2024-04-26,0.1
8306.T,2024-04-25,2024-05-07,1468.1003154262255,1468.9145147755974,9505,replaced,7738.964815779409,0.05545938113469262,4,8306.T:2024-04-25,0.1
8002.T,2024-04-30,2024-05-07,2604.26375486898,2770.421831065286,5477,replaced,910047.7833271677,6.38023225895048,2,8002.T:2024-04-30,0.1
8308.T,2024-05-02,2024-05-08,943.462496463851,929.2793501815914,15195,po_break,-229741.06393882338,-1.5033079041741226,1,8308.T:2024-05-02,0.1
8309.T,2024-04-30,2024-05-09,3037.672289699119,2962.493262610364,4693,po_break,-366894.5625960214,-2.474889320473783,4,8309.T:2024-04-30,0.1
5108.T,2024-04-15,2024-05-10,3086.820859246208,3207.077119022881,4734,max_holding_days,554395.4772682082,3.8957965252975235,15,5108.T:2024-04-15,0.1
4452.T,2024-05-09,2024-05-13,6281.322476858776,6669.920897654771,1140,rsi_half,435619.9909839611,6.186570140725034,1,4452.T:2024-05-09,0.1
4452.T,2024-05-09,2024-05-13,6281.322476858776,6669.920897654771,1140,replaced,443002.1997074338,6.186570140725034,1,4452.T:2024-05-09,0.1
8601.T,2024-05-08,2024-05-13,1052.281890657034,1040.6815728284466,13503,replaced,-156639.0916394146,-1.1023964140772446,2,8601.T:2024-05-08,0.1
8725.T,2024-05-07,2024-05-13,2651.833902487934,2659.396438618321,5419,replaced,40981.38329056655,0.2851813653672597,3,8725.T:2024-05-07,0.1
5802.T,2024-05-02,2024-05-14,2266.9562285712104,2240.3338993410125,6321,stop_sma20_break,-182525.03351334765,-1.1743645022637694,5,5802.T:2024-05-02,0.1
8750.T,2024-05-10,2024-05-14,833.8959187367532,835.477041171327,17407,po_break,12993.210662065907,0.18960668820264814,1,8750.T:2024-05-10,0.1
2914.T,2024-04-25,2024-05-15,3822.731052532295,3970.7558741307594,3654,replaced,540882.6981207886,3.8722269383928642,10,2914.T:2024-04-25,0.1
4901.T,2024-05-14,2024-05-16,3286.6946191406246,3315.6148484009004,4479,po_break,114747.83480421627,0.879918356024123,1,4901.T:2024-05-14,0.1
4901.T,2024-05-15,2024-05-17,3353.0049133255948,3232.172993668219,4438,po_break,-550864.5692150525,-3.6036905039167233,1,4901.T:2024-05-15,0.1
6254.T,2024-05-13,2024-05-20,4949.721408937778,4798.153536612626,2968,stop_sma20_break,-464319.29148024577,-3.0621495595987147,4,6254.T:2024-05-13,0.1
8411.T,2024-05-16,2024-05-21,2895.652106820956,2991.839759553517,5121,replaced,492576.969643446,3.321795892054258,2,8411.T:2024-05-16,0.1
7272.T,2024-05-17,2024-05-21,1355.570835188619,1419.2432764892578,10978,replaced,698996.0605984135,4.697094364071308,1,7272.T:2024-05-17,0.1
4578.T,2024-05-10,2024-05-22,6285.697945991022,6225.797675877199,2311,po_break,-152886.5574241124,-0.9529613199442122,7,4578.T:2024-05-10,0.1
4901.T,2024-05-21,2024-05-24,3329.9405645732686,3248.4774099315396,4519,replaced,-368131.9958259735,-2.4463846444709336,2,4901.T:2024-05-21,0.1
7733.T,2024-05-01,2024-05-27,2119.646598071991,2463.535622439734,6718,max_holding_days,2294851.5566238007,16.223884900461293,15,7733.T:2024-05-01,0.1
5108.T,2024-05-20,2024-05-27,3234.4557513196683,3199.6404781738634,4664,po_break,-177382.74635921296,-1.0763873684653147,4,5108.T:2024-05-20,0.1
6532.T,2024-05-23,2024-05-27,3308.20439984082,3200.72318450703,4531,stop_sma20_break,-501743.3621197417,-3.2489290969736184,1,6532.T:2024-05-23,0.1
5108.T,2024-05-24,2024-05-28,3155.7482988281245,3221.9511084723918,4724,po_break,297677.9467594749,2.097848224107457,1,5108.T:2024-05-24,0.1
6954.T,2024-05-24,2024-05-28,4346.423368895155,4376.947945459146,3434,po_break,89843.36737399599,0.702291837984248,1,6954.T:2024-05-24,0.1
8308.T,2024-05-24,2024-05-28,948.2760942517589,963.6757134899702,15765,po_break,227704.03716587787,1.6239594493165477,1,8308.T:2024-05-24,0.1
2502.T,2024-05-13,2024-05-29,1729.333678064495,1824.3291581484584,8505,po_break,792824.6069031137,5.493183952230907,11,2502.T:2024-05-13,0.1
4452.T,2024-05-27,2024-05-29,6654.63124690603,6668.015172112657,2270,po_break,15260.306533455656,0.20112196619233025,1,4452.T:2024-05-27,0.1
6301.T,2024-05-28,2024-05-30,4308.632050720981,4152.989815374287,3517,po_break,-562273.503765852,-3.612335272877387,1,6301.T:2024-05-28,0.1
2914.T,2024-05-28,2024-05-31,4060.7970540840947,4021.7328390787543,3728,po_break,-160697.22926076467,-0.9619839279102149,2,2914.T:2024-05-28,0.1
8001.T,2024-05-29,2024-05-31,1410.7645742232485,1372.7474668675472,10614,po_break,-418285.6758754817,-2.6947874968176744,1,8001.T:2024-05-29,0.1
8316.T,2024-05-10,2024-06-03,2780.942071126868,3226.397552914411,5226,max_holding_days,2312253.1693840786,16.01815033878211,15,8316.T:2024-05-10,0.1
8308.T,2024-05-30,2024-06-04,980.5271709597378,1056.8727603175548,15186,replaced,1159384.1199878098,7.78617784585105,2,8308.T:2024-05-30,0.1
9104.T,2024-05-30,2024-06-04,4618.835749039601,4693.353085920703,3225,replaced,240318.4114415539,1.6133359342036968,2,9104.T:2024-05-30,0.1
8002.T,2024-06-03,2024-06-05,2915.684189187414,2793.4265492285954,5242,po_break,-655838.1279095166,-4.193102957179029,1,8002.T:2024-06-03,0.1
7269.T,2024-05-20,2024-06-06,1718.0269540259699,1790.4695972717284,8769,po_break,619866.5354928917,4.2166185504830755,12,7269.T:2024-05-20,0.1
1802.T,2024-05-27,2024-06-06,1704.4882498170432,1680.5933169759116,8854,po_break,-226551.49147157115,-1.401883107360602,7,1802.T:2024-05-27,0.1
8411.T,2024-06-05,2024-06-07,2959.395929098984,2914.190191955566,5119,stop_sma20_break,-246441.61211399583,-1.5275325852455723,1,8411.T:2024-06-05,0.1
8591.T,2024-06-05,2024-06-10,3211.472549896089,3194.839539241593,4711,replaced,-78358.11319333088,-0.5179247337809056,2,8591.T:2024-06-05,0.1
4452.T,2024-06-04,2024-06-11,6605.938893580183,6443.1440230775315,2294,stop_sma20_break,-388418.7310384879,-2.464371425852263,4,4452.T:2024-06-04,0.1
8309.T,2024-06-07,2024-06-11,3292.5043522354113,3372.5431862196297,4619,po_break,354306.44688304287,2.4309408711905567,1,8309.T:2024-06-07,0.1
8001.T,2024-06-03,2024-06-12,1427.9227386490818,1386.636588707145,10700,po_break,-456819.6967800802,-2.8913434056660914,6,8001.T:2024-06-03,0.1
8309.T,2024-06-10,2024-06-12,3358.9821671660548,3294.2191989478624,4525,po_break,-308105.299278153,-1.9280533505431574,1,8309.T:2024-06-10,0.1
4452.T,2024-06-10,2024-06-12,6410.214882595308,6449.8139444264725,2370,po_break,78610.64237983873,0.6177493665412426,1,4452.T:2024-06-10,0.1
8001.T,2024-06-11,2024-06-13,1414.7681162867743,1426.4014569699598,10697,po_break,109245.84982547113,0.8222789692008625,1,8001.T:2024-06-11,0.1
7741.T,2024-06-11,2024-06-13,18655.580463782913,18491.152527849594,810,po_break,-148231.05496759998,-0.8813874017618017,1,7741.T:2024-06-11,0.1
4523.T,2024-06-11,2024-06-13,6251.52235814765,6168.824593632691,2418,po_break,-214979.3940618735,-1.3228420179474898,1,4523.T:2024-06-11,0.1
7741.T,2024-06-12,2024-06-14,18719.2837706875,17962.970911254197,803,po_break,-622047.1513797418,-4.040287377969087,1,7741.T:2024-06-12,0.1
4568.T,2024-06-06,2024-06-17,5524.133670797449,5175.972106379394,2743,stop_sma20_break,-969682.3662721221,-6.302555027923407,6,4568.T:2024-06-06,0.1
7309.T,2024-06-12,2024-06-17,25389.649320613626,24482.516609528735,591,po_break,-550852.6572835274,-3.572844585720203,2,7309.T:2024-06-12,0.1
4901.T,2024-05-27,2024-06-18,3371.2646408754003,3527.5761340329395,4470,max_holding_days,683293.46528228,4.636583294657948,15,4901.T:2024-05-27,0.1
8113.T,2024-05-31,2024-06-18,1610.7258189609781,1683.8861100203028,9398,po_break,672079.0339212501,4.542069804687032,11,8113.T:2024-05-31,0.1
7951.T,2024-06-14,2024-06-18,1171.7325700592744,1176.7139963288653,12726,po_break,48450.465204885855,0.4251333791411849,1,7951.T:2024-06-14,0.1
7832.T,2024-06-17,2024-06-19,2892.01276081137,2919.1313816663237,5112,po_break,123777.10538235115,0.9377075102305454,1,7832.T:2024-06-17,0.1
8001.T,2024-06-17,2024-06-19,1428.6853603715447,1393.295698135431,10349,stop_sma20_break,-380849.95546878537,-2.47707880389495,1,8001.T:2024-06-17,0.1
8113.T,2024-06-17,2024-06-19,1693.0945407638465,1681.9443234370874,8715,po_break,-111880.87585346066,-0.6585702722618492,1,8113.T:2024-06-17,0.1
9434.T,2024-06-12,2024-06-20,181.88844244498668,178.85283474159888,82534,po_break,-265427.55647706724,-1.6689393028949229,5,9434.T:2024-06-12,0.1
7733.T,2024-06-19,2024-06-21,2574.8629009847896,2453.3536756980598,5736,po_break,-711397.8413866087,-4.7190561190755815,1,7733.T:2024-06-19,0.1
4901.T,2024-06-19,2024-06-21,3555.780775930513,3554.4312328334777,4136,po_break,-20285.628683461382,-0.037953495507103696,1,4901.T:2024-06-19,0.1
5020.T,2024-06-14,2024-06-24,767.0560895161323,751.8031856725712,19385,po_break,-310399.0845321976,-1.9884991530649043,5,5020.T:2024-06-14,0.1
8001.T,2024-06-20,2024-06-24,1391.7002464599607,1391.583340751207,10507,po_break,-15850.308607288158,-0.008400207519609904,1,8001.T:2024-06-20,0.1
6501.T,2024-06-20,2024-06-24,3312.0471266647123,3275.1583015429683,4414,po_break,-177365.23646743258,-1.1137771810297847,1,6501.T:2024-06-20,0.1
6146.T,2024-06-21,2024-06-25,59355.87311716168,60695.94111416457,248,po_break,317450.43829203147,2.257683909994457,1,6146.T:2024-06-21,0.1
6501.T,2024-06-21,2024-06-25,3336.50805410459,3320.0766116903305,4440,po_break,-87733.22227737663,-0.4924742319757147,1,6501.T:2024-06-21,0.1
6806.T,2024-06-13,2024-06-26,16878.625164893616,16882.8400649713,882,po_break,-11171.264297852758,0.02497182108440743,8,6806.T:2024-06-13,0.1
6146.T,2024-06-24,2024-06-26,61141.159243771,60020.450879214375,242,po_break,-285871.9790475842,-1.8329851419537802,1,6146.T:2024-06-24,0.1
6806.T,2024-06-25,2024-06-27,17073.449838220906,16721.59858836207,870,po_break,-320811.43344275025,-2.060809345462067,1,6806.T:2024-06-25,0.1
9984.T,2024-06-25,2024-06-27,2421.013351240828,2492.9980766305266,6128,po_break,426065.866173076,2.9733303764229557,1,9984.T:2024-06-25,0.1
6367.T,2024-06-26,2024-06-28,22165.368115226298,21658.822525755582,674,po_break,-356180.4795492732,-2.2853019486861026,1,6367.T:2024-06-26,0.1
6323.T,2024-06-27,2024-07-01,3072.194603487971,3139.8780521175986,4851,replaced,328332.40930232295,2.203097699370482,1,6323.T:2024-06-27,0.1
8113.T,2024-06-21,2024-07-02,1689.8515158182568,1661.3508181367492,8766,stop_sma20_break,-264525.4357058197,-1.6865799991727104,6,8113.T:2024-06-21,0.1
7951.T,2024-06-24,2024-07-05,1179.707691966385,1177.9876424286458,12559,po_break,-36407.24999680039,-0.14580302811048051,8,7951.T:2024-06-24,0.1
4732.T,2024-06-18,2024-07-08,1175.6633538497122,1259.6012069121725,12575,trail_sma10,1040206.7763346487,7.139616352555822,13,4732.T:2024-06-18,0.1
4307.T,2024-06-18,2024-07-09,4116.6822524476365,4474.624674975009,3595,trail_sma10,1271360.1347838617,8.694924713087882,14,4307.T:2024-06-18,0.1
7270.T,2024-07-08,2024-07-10,3208.0508631878092,3152.9503566977396,4663,replaced,-256933.66176319463,-1.7175696034730792,1,7270.T:2024-07-08,0.1
6806.T,2024-07-04,2024-07-11,17439.34438925776,18021.006598688913,863,replaced,501974.4867390853,3.3353444742420635,4,6806.T:2024-07-04,0.1
2914.T,2024-07-10,2024-07-12,4110.132411128423,4104.7108682143435,3683,po_break,-35095.17645146454,-0.13190677019067065,1,2914.T:2024-07-10,0.1
7453.T,2024-07-01,2024-07-16,1325.2755618233723,1413.0845742380561,11291,stop_sma20_break,975992.1470260603,6.625717318281521,9,7453.T:2024-07-01,0.1
9101.T,2024-07-11,2024-07-16,4358.205437979704,4234.231537933429,3473,po_break,-445482.1216693864,-2.8446089063608793,1,9101.T:2024-07-11,0.1
8113.T,2024-07-09,2024-07-17,1709.6152889614482,1670.450717942224,8798,stop_sma20_break,-359438.8061915041,-2.29084117766728,4,8113.T:2024-07-09,0.1
4901.T,2024-06-26,2024-07-18,3574.0401595595845,3634.9955314797794,4180,po_break,239726.5700321425,1.7055032735755926,14,4901.T:2024-06-26,0.1
8113.T,2024-07-16,2024-07-18,1720.6871419244267,1657.4510036830743,8742,po_break,-567576.1623403528,-3.675051478017599,1,8113.T:2024-07-16,0.1
7532.T,2024-07-12,2024-07-18,781.8727523758589,760.7384557814592,19293,replaced,-407743.9841957545,-2.7030353123547846,2,7532.T:2024-07-12,0.1
9434.T,2024-06-28,2024-07-19,180.08804436734584,184.28937258911134,82858,po_break,333017.8617919562,2.332930115669174,13,9434.T:2024-06-28,0.1
8035.T,2024-07-17,2024-07-19,34182.98236340409,28858.920843998134,439,po_break,-2351100.704773239,-15.575181424502716,1,8035.T:2024-07-17,0.1
7751.T,2024-07-17,2024-07-22,4283.078608511852,4240.363257239415,3480,po_break,-163480.2112744853,-0.9973048635518178,2,7751.T:2024-07-17,0.1
9434.T,2024-07-18,2024-07-22,187.28969635208455,184.4275856781006,77752,po_break,-236985.7101798055,-1.5281730547544337,1,9434.T:2024-07-18,0.1
1605.T,2024-07-18,2024-07-23,2314.0317232386674,2213.261125333786,6283,po_break,-647364.1571201606,-4.354763026491493,2,1605.T:2024-07-18,0.1
6971.T,2024-07-19,2024-07-23,1878.253428372177,1835.1621997265017,7763,replaced,-334517.20797637734,-2.2942180216341312,1,6971.T:2024-07-19,0.1
4661.T,2024-07-17,2024-07-24,4516.611243167232,4376.903585908592,3322,po_break,-478880.9655442977,-3.0931964195499706,4,4661.T:2024-07-17,0.1
4307.T,2024-07-22,2024-07-24,4524.457691333177,4360.9864659643945,3205,po_break,-538164.2015690161,-3.613056779863788,1,4307.T:2024-07-22,0.1
4543.T,2024-07-19,2024-07-24,2699.48651244873,2636.9589373960835,5392,replaced,-337148.6846838706,-2.3162766238801202,2,4543.T:2024-07-19,0.1
4502.T,2024-07-05,2024-07-25,3905.2912728519764,3871.7993591075337,3842,po_break,-143615.7237101428,-0.8576034770380603,12,4502.T:2024-07-05,0.1
9022.T,2024-07-23,2024-07-25,3433.179501771607,3361.524123523801,4208,po_break,-315821.88809439045,-2.0871433669818362,1,9022.T:2024-07-23,0.1
8309.T,2024-07-22,2024-07-26,3553.799592862394,3395.5794633963733,4075,po_break,-658906.387401162,-4.4521398951082425,3,8309.T:2024-07-22,0.1
8308.T,2024-07-23,2024-07-26,1033.95791408309,965.597346827479,13966,po_break,-968686.5766788009,-6.611542532292802,2,8308.T:2024-07-23,0.1
2914.T,2024-07-23,2024-07-26,4165.132580190329,4051.6808093261716,3469,stop_sma20_break,-407816.2559518769,-2.7238453681820762,2,2914.T:2024-07-23,0.1
4502.T,2024-07-24,2024-07-26,3930.113141736141,3890.148691364841,3619,po_break,-158782.1096807318,-1.0168778589831118,1,4502.T:2024-07-24,0.1
4503.T,2024-07-24,2024-07-26,1515.9085135659825,1538.5530317074927,9375,po_break,197974.56908318834,1.4937918706084519,1,4503.T:2024-07-24,0.1
7532.T,2024-07-25,2024-07-29,773.1565314087754,758.1684450008961,18138,stop_sma20_break,-285741.4974771747,-1.9385578209588972,1,7532.T:2024-07-25,0.1
6479.T,2024-07-25,2024-07-29,3450.283769326272,3495.431379302877,4059,po_break,169157.82000089707,1.3085187478773852,1,6479.T:2024-07-25,0.1
2802.T,2024-07-26,2024-07-31,3013.184354475561,3016.9116169996632,4637,po_break,3302.5388143962027,0.12369845603923402,2,2802.T:2024-07-26,0.1
7453.T,2024-07-12,2024-08-01,1330.9097762992858,1387.1699354861532,11376,po_break,624555.1335091684,4.227195576194798,12,7453.T:2024-07-12,0.1
2802.T,2024-07-30,2024-08-01,3022.9515490993313,3099.767121818776,4642,po_break,342367.058528462,2.541078527782936,1,2802.T:2024-07-30,0.1
7751.T,2024-07-31,2024-08-02,4457.063902347044,4042.055322558154,3172,stop_sma20_break,-1329886.8181810589,-9.31125487275044,1,7751.T:2024-07-31,0.1
4502.T,2024-08-01,2024-08-05,3899.775651898202,3761.7003704894973,3571,po_break,-506746.39534845715,-3.540595504295152,1,4502.T:2024-08-01,0.1
7832.T,2024-08-01,2024-08-05,3058.7662939667007,2804.475151014748,4544,po_break,-1168820.2381366708,-8.313519847970474,1,7832.T:2024-08-01,0.1
4704.T,2024-08-01,2024-08-05,6859.451321201295,6199.203252581215,2025,po_break,-1350224.2267116182,-9.625377274409342,1,4704.T:2024-08-01,0.1
4503.T,2024-08-05,2024-08-07,1547.6048237042867,1467.0349195914528,8747,stop_sma20_break,-717929.4781922621,-5.206103191122457,1,4503.T:2024-08-05,0.1
4684.T,2024-07-29,2024-08-21,4256.970827969762,4901.1838470748025,3301,max_holding_days,2111431.641774579,15.133132105870683,15,4684.T:2024-07-29,0.1
7309.T,2024-08-20,2024-08-23,27493.353268993866,27399.47265301951,508,replaced,-47691.352914972056,-0.3414665903275993,2,7309.T:2024-08-20,0.1
9843.T,2024-08-07,2024-08-26,3556.2841408032673,4314.821998753067,3806,replaced,2886995.0873569394,21.329506527520238,11,9843.T:2024-08-07,0.1
1925.T,2024-08-21,2024-08-27,4097.599277378191,4219.606561051844,3415,replaced,416654.8737455269,2.9775308763652086,3,1925.T:2024-08-21,0.1
6532.T,2024-08-26,2024-08-28,4221.750414436398,4354.923974643611,3384,po_break,436147.5946748826,3.154463128654439,1,6532.T:2024-08-26,0.1
4502.T,2024-08-22,2024-08-30,3976.079097730902,4016.762091424325,3567,po_break,130861.00624358063,1.023193771890507,5,4502.T:2024-08-22,0.1
4503.T,2024-08-29,2024-09-02,1671.1743098879087,1668.752264842987,8717,replaced,-21112.966656583223,-0.14493072509499383,1,4503.T:2024-08-29,0.1
3092.T,2024-08-20,2024-09-03,1420.2896046575345,1383.3800559371803,9797,stop_sma20_break,-375336.6246457335,-2.5987339905408913,9,3092.T:2024-08-20,0.1
3092.T,2024-09-02,2024-09-04,1463.2807763855521,1415.8745006345462,9863,po_break,-481766.65198079654,-3.239725178930053,1,3092.T:2024-09-02,0.1
4307.T,2024-08-21,2024-09-05,4610.100455091592,4904.8954331479035,3029,po_break,878523.527259828,6.394545648798755,10,4307.T:2024-08-21,0.1
1925.T,2024-08-30,2024-09-05,4211.161369569734,4197.127963210788,3463,replaced,-48597.68622103067,-0.33324313953754237,3,1925.T:2024-08-30,0.1
4568.T,2024-08-23,2024-09-06,5678.116482333319,5435.298589313179,2505,po_break,-622178.3743926885,-4.27638097555122,9,4568.T:2024-08-23,0.1
4507.T,2024-09-04,2024-09-06,2093.0244344554226,2065.422293448025,6857,po_break,-203525.1154943428,-1.3187682166061032,1,4507.T:2024-09-04,0.1
2503.T,2024-09-04,2024-09-06,2077.382869376072,2125.4187409384795,6912,po_break,317499.06187411334,2.312326354016525,1,2503.T:2024-09-04,0.1
9531.T,2024-09-03,2024-09-09,3461.6521694350686,3384.4276180922325,4183,po_break,-337348.87414269673,-2.230858201892616,3,9531.T:2024-09-03,0.1
9433.T,2024-08-20,2024-09-10,2216.923467082917,2280.137238338641,6273,po_break,382434.95618460304,2.8514187428807514,14,9433.T:2024-08-20,0.1
4689.T,2024-09-06,2024-09-10,389.5349515144917,388.85338476836444,37043,po_break,-39664.196547255,-0.17496934318149693,1,4689.T:2024-09-06,0.1
9434.T,2024-09-06,2024-09-10,187.42819488507976,185.11867213504487,76820,po_break,-191727.062819923,-1.2322173573997008,1,9434.T:2024-09-06,0.1
4901.T,2024-09-06,2024-09-10,3671.103498467357,3685.827971054149,3913,po_break,43223.024811999116,0.4010911866946687,1,4901.T:2024-09-06,0.1
4021.T,2024-09-10,2024-09-12,4611.05051454524,4610.216690558157,3137,po_break,-17079.263458683185,-0.01808316747892169,1,4021.T:2024-09-10,0.1
1928.T,2024-09-09,2024-09-12,3497.2974695566536,3565.350213120386,4126,replaced,280785.61994395946,1.9458666057468488,2,1928.T:2024-09-09,0.1
8308.T,2024-09-11,2024-09-13,1015.1850679905929,1007.3918904131272,14131,po_break,-124415.90984676947,-0.7676607766592847,1,8308.T:2024-09-11,0.1
1925.T,2024-09-05,2024-09-17,4205.530621795794,4258.009783778,3415,po_break,164764.8429267172,1.2478606554479743,6,1925.T:2024-09-05,0.1
2503.T,2024-09-10,2024-09-17,2129.6740236991955,2067.5392147572857,6790,po_break,-436144.89166012726,-2.9175736873562896,3,2503.T:2024-09-10,0.1
9735.T,2024-09-09,2024-09-17,5163.1361244531245,5364.909656480872,2785,replaced,561939.286697278,3.907964600664471,4,9735.T:2024-09-09,0.1
9843.T,2024-09-12,2024-09-17,4361.721585580642,4450.915151508291,3340,replaced,297906.5101983497,2.0449165353082943,1,9843.T:2024-09-12,0.1
2503.T,2024-09-13,2024-09-18,2073.1044268452597,2058.999305763877,7015,po_break,-113440.77822802514,-0.6803864242790225,1,2503.T:2024-09-13,0.1
1925.T,2024-09-13,2024-09-18,4233.685737369265,4277.678890285461,3430,po_break,136299.5241661271,1.0391218348561937,1,1925.T:2024-09-13,0.1
9041.T,2024-09-13,2024-09-18,3337.8304365098465,3422.002938933424,4351,po_break,351528.54053670884,2.5217728708709197,1,9041.T:2024-09-13,0.1
1928.T,2024-09-13,2024-09-18,3590.3458228985915,3609.4363815483516,4054,po_break,62799.166237713776,0.5317192156812256,1,1928.T:2024-09-13,0.1
6532.T,2024-08-27,2024-09-19,4227.581703117711,5102.551440006492,3410,max_holding_days,2967738.9257817166,20.696696086169485,15,6532.T:2024-08-27,0.1
6702.T,2024-09-17,2024-09-19,2809.353500404916,2855.417524454704,5229,replaced,240868.7817563428,1.6396663518189802,1,6702.T:2024-09-17,0.1
1911.T,2024-09-17,2024-09-19,2024.565496947457,2110.159363488338,7251,replaced,620641.126287928,4.227764755940733,1,1911.T:2024-09-17,0.1
3038.T,2024-09-17,2024-09-19,4441.743774224323,4472.26380755754,3299,replaced,100685.58996628228,0.687118277968346,1,3038.T:2024-09-17,0.1
3064.T,2024-09-18,2024-09-20,2365.5973094389074,2307.2931234937696,6239,po_break,-378336.89781724795,-2.46467079212932,1,3064.T:2024-09-18,0.1
4307.T,2024-09-18,2024-09-20,4980.894180037202,5042.815864490562,2959,po_break,168396.18528661155,1.243184099383865,1,4307.T:2024-09-18,0.1
4689.T,2024-09-17,2024-09-24,399.8087946530046,396.6885021025424,36729,replaced,-114605.22508592755,-0.7804462013324076,3,4689.T:2024-09-17,0.1
3092.T,2024-09-11,2024-09-24,1505.0074470127322,1549.0070205119293,9520,replaced,418875.9397123568,2.923545234711722,6,3092.T:2024-09-11,0.1
9735.T,2024-09-18,2024-09-25,5353.915657772872,5196.201761360884,2767,replaced,-436394.35137196985,-2.945767294316959,3,9735.T:2024-09-18,0.1
4704.T,2024-09-19,2024-09-26,8528.583890627648,8365.121188379017,1734,stop_sma20_break,-298091.1680026251,-1.9166452994413996,3,4704.T:2024-09-19,0.1
9843.T,2024-09-24,2024-09-26,4350.930004908851,4210.060710839367,3418,po_break,-496121.98026270885,-3.2376823784926567,1,9843.T:2024-09-24,0.1
9735.T,2024-09-25,2024-10-01,5206.604567689935,5189.867830819232,2827,po_break,-62010.16886876944,-0.32145204524584026,3,9735.T:2024-09-25,0.1
4704.T,2024-09-30,2024-10-02,8188.469846206941,7890.673053335117,1805,po_break,-552034.6376004781,-3.6367819441842197,1,4704.T:2024-09-30,0.1
7832.T,2024-09-18,2024-10-03,3173.166814534829,3164.5750432718214,4659,stop_sma20_break,-54792.83197211281,-0.27076330256741166,9,7832.T:2024-09-18,0.1
4452.T,2024-10-01,2024-10-03,6822.482708680602,6810.778859407173,2164,replaced,-25327.129827700603,-0.17154824384586487,1,4452.T:2024-10-01,0.1
4684.T,2024-10-02,2024-10-04,4843.123346821669,4866.47970262533,3015,po_break,55782.1861509973,0.48225812417082015,1,4684.T:2024-10-02,0.1
3064.T,2024-10-02,2024-10-04,2403.5219541666665,2285.6651360443143,6070,po_break,-729622.5688214685,-4.903504955219551,1,3064.T:2024-10-02,0.1
7936.T,2024-09-19,2024-10-07,2822.509697605551,2947.3359949135934,5240,po_break,638972.8021797413,4.422528553717187,10,7936.T:2024-09-19,0.1
1925.T,2024-09-20,2024-10-07,4357.571209710878,4402.4812281065415,3399,po_break,137761.4434087893,1.0306204129396868,9,1925.T:2024-09-20,0.1
4021.T,2024-09-20,2024-10-07,4811.612184036664,4982.896998793537,3072,po_break,511142.5848282865,3.5598217022797307,9,4021.T:2024-09-20,0.1
9104.T,2024-10-03,2024-10-07,4779.583939809876,4563.778376663616,3048,replaced,-657775.3564698014,-4.515153742751188,1,9104.T:2024-10-03,0.1
1925.T,2024-10-04,2024-10-08,4373.184329156112,4315.001634458925,3359,po_break,-210027.4798137422,-1.3304423120077846,1,1925.T:2024-10-04,0.1
8830.T,2024-10-04,2024-10-08,2434.519106294286,2362.88717780981,6032,po_break,-446552.7699712159,-2.9423440670182543,1,8830.T:2024-10-04,0.1
4452.T,2024-10-07,2024-10-09,6903.588143401122,6793.433924089474,2126,po_break,-248747.804714305,-1.595608211607169,1,4452.T:2024-10-07,0.1
8001.T,2024-10-04,2024-10-10,1514.0088289038392,1500.9646523810309,9693,po_break,-141049.27201262853,-0.8615654198167677,3,8001.T:2024-10-04,0.1
4452.T,2024-10-08,2024-10-10,6827.310473864632,6802.106173543808,2137,po_break,-68424.62147335612,-0.3691688025219797,1,4452.T:2024-10-08,0.1
4578.T,2024-10-09,2024-10-11,8448.921137768191,8606.530716157906,1741,replaced,274398.27597649285,1.8654402830814876,1,4578.T:2024-10-09,0.1
7733.T,2024-10-07,2024-10-11,2720.6097650322986,2746.204429505461,5392,replaced,138006.4308392924,0.9407694114065057,3,7733.T:2024-10-07,0.1
6702.T,2024-10-04,2024-10-11,2938.1921265097803,3058.706320810153,4997,replaced,602209.4289189627,4.101644450444053,4,6702.T:2024-10-04,0.1
6532.T,2024-10-10,2024-10-15,5193.875237255981,5176.671137913946,2841,replaced,-48876.84623072166,-0.331238209547835,1,6532.T:2024-10-10,0.1
4689.T,2024-09-25,2024-10-16,393.8964849363759,412.0685115221639,37354,po_break,663744.8728466685,4.613401561256181,13,4689.T:2024-09-25,0.1
9041.T,2024-10-03,2024-10-16,3561.2910436209413,3567.8006315297202,4087,replaced,26604.685783179528,0.18278730463321402,7,9041.T:2024-10-03,0.1
1925.T,2024-10-11,2024-10-17,4401.766890217902,4350.183850575474,3330,po_break,-186343.51999270637,-1.1718712264627507,2,1925.T:2024-10-11,0.1
4503.T,2024-10-10,2024-10-18,1653.4775508615012,1639.8662331242297,8921,po_break,-136116.52548266758,-0.8231933799270341,4,4503.T:2024-10-10,0.1
3382.T,2024-10-09,2024-10-21,2174.2033406977716,2148.5863615832313,6733,po_break,-187031.79191092885,-1.1782237031389586,6,3382.T:2024-10-09,0.1
4502.T,2024-10-15,2024-10-21,4033.339576327446,4016.828340586292,3663,po_break,-75224.5390596746,-0.4093688475441559,3,4502.T:2024-10-15,0.1
6532.T,2024-10-15,2024-10-22,5187.034843895755,4860.686837600213,2831,stop_sma20_break,-938113.7558628378,-6.29161006465182,4,6532.T:2024-10-15,0.1
2914.T,2024-10-18,2024-10-22,3999.1989129233684,3819.0929897992924,3636,po_break,-669078.7911582903,-4.503550012030299,1,2914.T:2024-10-18,0.1
7532.T,2024-10-10,2024-10-23,742.8484381334866,744.7250651823754,19871,po_break,22510.66954627332,0.25262583220933,7,7532.T:2024-10-10,0.1
4519.T,2024-10-17,2024-10-23,6937.083383263893,6590.992860496984,2099,po_break,-740641.7233055693,-4.988991823305344,3,4519.T:2024-10-17,0.1
7733.T,2024-10-21,2024-10-23,2769.192052755556,2703.5375841589835,5171,po_break,-353648.999589118,-2.370888957710293,1,7733.T:2024-10-21,0.1
9433.T,2024-10-16,2024-10-24,2289.1803663725254,2230.7448119279607,6362,po_break,-386144.879368495,-2.552684589775811,5,9433.T:2024-10-16,0.1
6501.T,2024-10-21,2024-10-24,3979.784064097932,3760.773424000756,3595,po_break,-801256.9032342045,-5.503078472847179,2,6501.T:2024-10-21,0.1
3064.T,2024-10-22,2024-10-24,2420.7603772428993,2245.3590087474568,5848,po_break,-1039390.9360459836,-7.24571379077239,1,3064.T:2024-10-22,0.1
6098.T,2024-10-22,2024-10-24,9788.896202231352,9116.193848730563,1437,po_break,-980256.589182249,-6.872096093402725,1,6098.T:2024-10-22,0.1
4502.T,2024-10-18,2024-10-28,4018.282789865035,3859.987257253452,3614,po_break,-586316.088833404,-3.9393825892701684,5,4502.T:2024-10-18,0.1
9503.T,2024-10-24,2024-10-28,2426.0605876931177,2335.422263613614,5704,po_break,-530580.7496414147,-3.7360288749296755,1,9503.T:2024-10-24,0.1
7733.T,2024-10-22,2024-10-29,2749.7592965038016,2604.1426110458146,5121,po_break,-759411.7120646319,-5.295615716005841,4,7733.T:2024-10-22,0.1
8411.T,2024-10-25,2024-10-29,2944.910588717665,2998.3623435307923,4648,po_break,234631.59007686924,1.815055269178889,1,8411.T:2024-10-25,0.1
4503.T,2024-10-23,2024-10-31,1660.0502123059068,1695.1530990201331,8343,po_break,278867.1532435936,2.1145677675295405,5,4503.T:2024-10-23,0.1
9104.T,2024-10-29,2024-10-31,4675.781582698587,4783.100721750363,2954,po_break,303049.96759527485,2.2952128356226176,1,9104.T:2024-10-29,0.1
6971.T,2024-10-29,2024-11-01,1657.2834441151351,1489.4887780167787,8325,po_break,-1409989.0346434412,-10.124681248351342,2,6971.T:2024-10-29,0.1
3382.T,2024-10-29,2024-11-01,2187.767841177798,2095.4034174212284,6318,stop_sma20_break,-597088.9672999205,-4.221856726207507,2,3382.T:2024-10-29,0.1
9107.T,2024-10-30,2024-11-01,1967.6479118849152,1966.5047238722293,7042,po_break,-21902.481415834794,-0.058099216113860486,1,9107.T:2024-10-30,0.1
9104.T,2024-10-30,2024-11-01,4712.25307809647,4871.763385347528,2935,po_break,454098.20762175205,3.38501147131709,1,9104.T:2024-10-30,0.1
7270.T,2024-10-24,2024-11-05,2459.5098093725533,2338.556996470903,5612,stop_sma20_break,-692250.5614612582,-4.917760947353433,6,7270.T:2024-10-24,0.1
7751.T,2024-10-31,2024-11-05,4814.541706551165,4650.261528495349,2839,stop_sma20_break,-479826.7136926092,-3.4121664754150793,1,7751.T:2024-10-31,0.1
6971.T,2024-10-31,2024-11-05,1540.1795747958095,1486.6029943284943,8848,po_break,-487436.07006061013,-3.47859310330213,1,6971.T:2024-10-31,0.1
7974.T,2024-10-23,2024-11-06,7829.654277507074,7683.179785690104,1768,po_break,-272680.24684426916,-1.8707657659643995,8,7974.T:2024-10-23,0.1
7203.T,2024-11-01,2024-11-06,2508.5818873796234,2491.1898868977287,5251,replaced,-91325.39453042898,-0.6933000899588593,1,7203.T:2024-11-01,0.1
4062.T,2024-11-01,2024-11-07,2427.4657323648667,2557.644825261009,5459,replaced,710647.6681200407,5.362757181718081,2,4062.T:2024-11-01,0.1
1802.T,2024-10-31,2024-11-07,1819.8813816834222,1819.0995910410772,7472,replaced,-5841.53967960153,-0.04295832960398149,3,1802.T:2024-10-31,0.1
4503.T,2024-11-05,2024-11-08,1596.20205078125,1641.2718513015307,8372,po_break,363772.30420167197,2.8235648800364332,2,4503.T:2024-11-05,0.1
7203.T,2024-11-06,2024-11-11,2496.177254038665,2533.090628720764,5433,po_break,186888.3584443276,1.4787962121830533,2,7203.T:2024-11-06,0.1
9735.T,2024-11-06,2024-11-12,5274.310740520888,5185.977878321644,2573,po_break,-240737.61574679604,-1.6747754644149127,3,9735.T:2024-11-06,0.1
9433.T,2024-10-31,2024-11-12,2308.7624187782253,2358.9649346501615,5912,replaced,296797.27383488655,2.1744340371974147,6,9433.T:2024-10-31,0.1
9984.T,2024-11-08,2024-11-15,2370.262910637703,2210.260112366133,5851,stop_loss_pct,-949576.6927907544,-6.75042407968669,4,9984.T:2024-11-08,0.1
9433.T,2024-11-14,2024-11-18,2388.0457411960265,2403.293841651353,5754,replaced,87737.57001994865,0.6385179392623286,1,9433.T:2024-11-14,0.1
8601.T,2024-11-15,2024-11-19,963.4833044822923,947.622663180329,14306,po_break,-240572.47545257705,-1.6461770772961848,1,8601.T:2024-11-15,0.1
4543.T,2024-11-01,2024-11-20,2867.3973265507934,3008.8736414533087,4628,po_break,641154.694348879,4.933962712195794,11,4543.T:2024-11-01,0.1
8015.T,2024-11-11,2024-11-20,2587.659520067435,2605.8969938754803,5337,po_break,83474.39215608084,0.7047864553513694,6,8015.T:2024-11-11,0.1
7272.T,2024-11-18,2024-11-20,1285.5578881411539,1293.9225739832389,10627,po_break,75185.44700833943,0.6506658252612763,1,7272.T:2024-11-18,0.1
7974.T,2024-11-19,2024-11-21,8016.0978054830475,7899.293159776304,1719,po_break,-214466.46450453324,-1.4571260049602852,1,7974.T:2024-11-19,0.1
4543.T,2024-11-19,2024-11-21,3041.447406303074,2999.06012407937,4525,po_break,-205469.1003497509,-1.3936549465185855,1,4543.T:2024-11-19,0.1
8316.T,2024-11-05,2024-11-22,3106.946756160341,3441.2499076704544,4310,trail_sma10,1426735.2191980332,10.759860974355906,12,8316.T:2024-11-05,0.1
2802.T,2024-11-07,2024-11-22,2909.2122589559945,3046.7288655259745,4715,trail_sma10,634349.6687764896,4.7269361713514035,10,2802.T:2024-11-07,0.1
8725.T,2024-11-20,2024-11-22,3349.031601083032,3303.8577007885515,4092,po_break,-198463.41151664354,-1.3488645577387715,1,8725.T:2024-11-20,0.1
6201.T,2024-11-20,2024-11-25,11372.61749000703,11508.08134504366,1204,replaced,163098.48146410345,1.1911405193717473,2,6201.T:2024-11-20,0.1
9433.T,2024-11-19,2024-11-26,2407.627795629722,2369.4511661366546,5702,po_break,-231302.59348946734,-1.585653295844358,4,9433.T:2024-11-19,0.1
9432.T,2024-11-21,2024-11-26,148.56875176741227,146.27849886345638,91609,replaced,-209807.77827849498,-1.5415441515866934,2,9432.T:2024-11-21,0.1
7203.T,2024-11-21,2024-11-27,2582.5319682736767,2475.953457908675,5288,po_break,-576961.7982769561,-4.126899944485318,3,7203.T:2024-11-21,0.1
9107.T,2024-11-22,2024-11-27,2017.002221455146,1887.974456336584,6765,stop_sma20_break,-886081.4146397024,-6.397006594542876,2,9107.T:2024-11-22,0.1
9433.T,2024-11-25,2024-11-27,2404.284440289461,2357.5349567863645,5663,po_break,-278225.41670085624,-1.9444239924236384,1,9433.T:2024-11-25,0.1
8031.T,2024-11-21,2024-11-28,3186.0133134184757,3009.8239962581465,4279,stop_sma20_break,-767170.0820531019,-5.530087285519992,4,8031.T:2024-11-21,0.1
7203.T,2024-11-26,2024-11-28,2570.6043633537365,2467.3827516373435,5192,po_break,-549005.2225820293,-4.015460846013852,1,7203.T:2024-11-26,0.1
6201.T,2024-11-25,2024-11-29,11531.12054693564,11191.707624078615,1178,po_break,-413212.1689183013,-2.9434513452139877,3,6201.T:2024-11-25,0.1
1925.T,2024-11-11,2024-12-03,4335.07324316818,4509.927977001391,3188,max_holding_days,543337.9595153263,4.033489724972283,15,1925.T:2024-11-11,0.1
4543.T,2024-11-26,2024-12-03,3018.830668886958,3011.81764286008,4428,replaced,-31053.679247015447,-0.23230935405408326,4,4543.T:2024-11-26,0.1
2802.T,2024-12-02,2024-12-04,3097.585445237031,3184.658471205148,4351,replaced,378854.7359872781,2.8109967427049964,1,2802.T:2024-12-02,0.1
2914.T,2024-11-27,2024-12-05,3979.622105862206,3917.710431151648,3339,po_break,-219907.67852909674,-1.555717429033232,5,2914.T:2024-11-27,0.1
4543.T,2024-12-03,2024-12-05,3017.8473078107504,3089.3457673506678,4504,po_break,308275.6629625242,2.3691874454637274,1,4543.T:2024-12-03,0.1
4543.T,2024-12-04,2024-12-06,3028.6639648279934,3051.072455179982,4527,po_break,87681.75243676527,0.7398803767014073,1,4543.T:2024-12-04,0.1
7202.T,2024-12-04,2024-12-06,1916.123464261846,1919.7759695705593,7160,po_break,12419.418037266616,0.19061951783572173,1,7202.T:2024-12-04,0.1
9766.T,2024-11-27,2024-12-09,14361.537668628642,15015.827728298895,924,replaced,604564.0151353137,4.5558496225615475,7,9766.T:2024-11-27,0.1
5020.T,2024-11-28,2024-12-12,761.9156890780629,783.125990648694,17564,po_break,358969.1807552051,2.78381215594814,9,5020.T:2024-11-28,0.1
9697.T,2024-12-11,2024-12-13,3448.6320986010787,3452.5340954232565,3978,replaced,15522.143358623318,0.11314621886633347,1,9697.T:2024-12-11,0.1
9432.T,2024-12-05,2024-12-16,148.18829591784396,147.89223239540348,92765,po_break,-41197.28776368003,-0.1997887354104,6,9432.T:2024-12-05,0.1
5802.T,2024-12-12,2024-12-16,2856.3655923550905,2746.634043170498,4831,po_break,-543647.1597303784,-3.841649314019291,1,5802.T:2024-12-12,0.1
7974.T,2024-11-26,2024-12-17,7880.14950132786,8977.923228823105,1691,po_break,1842081.8727011168,13.930874373769964,14,7974.T:2024-11-26,0.1
9432.T,2024-12-13,2024-12-17,147.42738922173396,147.13282953033976,92586,po_break,-40908.179794113,-0.1997998424506986,1,9432.T:2024-12-13,0.1
8309.T,2024-12-13,2024-12-17,3566.147648060344,3557.140442425272,3828,po_break,-48113.55657624622,-0.25257523030408624,1,8309.T:2024-12-13,0.1
4507.T,2024-12-05,2024-12-18,2083.750879007975,2087.7653218432365,6595,po_break,12719.675826242286,0.19265464387818731,8,4507.T:2024-12-05,0.1
3402.T,2024-12-16,2024-12-18,973.4473907575781,970.1423248556029,14033,replaced,-46379.989802418546,-0.3395217793334626,1,3402.T:2024-12-16,0.1
6301.T,2024-12-16,2024-12-19,4039.9614602268325,3868.536554830756,3384,replaced,-580101.8798603233,-4.243231206132636,2,6301.T:2024-12-16,0.1
1925.T,2024-12-02,2024-12-20,4477.9879988231005,4551.766212245884,3006,po_break,208205.588969651,1.6475750592045868,13,1925.T:2024-12-02,0.1
6503.T,2024-12-17,2024-12-20,2583.8942985753065,2560.172571072727,5252,po_break,-138094.83244324377,-0.9180610644815901,2,6503.T:2024-12-17,0.1
9434.T,2024-12-18,2024-12-20,186.87737554617064,185.56206585649693,72724,po_break,-109197.22484011477,-0.7038357028664177,1,9434.T:2024-12-18,0.1
8306.T,2024-12-06,2024-12-23,1718.631130526928,1690.4224390759275,7959,po_break,-238079.30393874756,-1.6413464733617267,10,8306.T:2024-12-06,0.1
6857.T,2024-12-19,2024-12-23,8267.332943124504,8696.616340555665,1643,stop_sma20_break,691376.7376428552,5.1925258167832,1,6857.T:2024-12-19,0.1
1925.T,2024-12-19,2024-12-23,4452.263417745985,4519.4365748866985,3068,po_break,192324.65831901066,1.5087417530816438,1,1925.T:2024-12-19,0.1
6503.T,2024-12-19,2024-12-23,2485.5301967727078,2564.5682051622434,5503,po_break,421050.8144146907,3.1799254940519717,1,6503.T:2024-12-19,0.1
1801.T,2024-12-20,2024-12-24,6311.2400181541225,6289.072779939456,2178,po_break,-62001.98546866691,-0.3512342764797838,1,1801.T:2024-12-20,0.1
9433.T,2024-12-20,2024-12-24,2378.0157752327927,2373.741064994345,5778,po_break,-38427.101269167724,-0.17975954083102597,1,9433.T:2024-12-20,0.1
8306.T,2024-12-20,2024-12-24,1732.9530764889273,1722.8204989013673,7926,po_break,-94006.04063827259,-0.5847000547810177,1,8306.T:2024-12-20,0.1
7453.T,2024-12-23,2024-12-25,1709.0945870212156,1694.8437854649046,8060,po_break,-128579.33218498564,-0.8338217009480342,1,7453.T:2024-12-23,0.1
5803.T,2024-12-23,2024-12-25,1046.772409588425,1014.2517635145884,13181,replaced,-428654.63589924003,-3.106754226224129,1,5803.T:2024-12-23,0.1
9432.T,2024-12-24,2024-12-26,147.61761993081163,146.1835849454216,92877,po_break,-146832.55459071588,-0.9714524499596866,1,9432.T:2024-12-24,0.1
6762.T,2024-12-24,2024-12-26,1984.8600466960734,1950.7481957977968,6902,po_break,-249021.77894475104,-1.7186023243834225,1,6762.T:2024-12-24,0.1
3402.T,2024-12-24,2024-12-26,966.6332474965182,966.6449413245202,14133,po_break,-13496.241450150466,0.0012097481679074207,1,3402.T:2024-12-24,0.1
7203.T,2024-12-16,2024-12-27,2574.4214344732727,3051.136663399001,2656,rsi_half,1258684.90687276,18.517373361726385,8,7203.T:2024-12-16,0.1
6752.T,2024-12-25,2024-12-27,1546.5782042379606,1572.4285803713317,8901,replaced,230094.19796313642,1.6714561256931937,1,6752.T:2024-12-25,0.1
6361.T,2024-12-26,2024-12-30,2430.2019541903405,2460.199983332354,5754,replaced,172608.6596831449,1.2343842078757383,1,6361.T:2024-12-26,0.1
7272.T,2024-12-20,2024-12-30,1335.5702219997945,1366.719606983352,10254,replaced,319405.7936213977,2.332291067175518,5,7272.T:2024-12-20,0.1
9983.T,2024-12-27,2025-01-07,52752.29844003702,51161.53026535938,267,stop_sma20_break,-438607.5987710993,-3.0155428705838205,2,9983.T:2024-12-27,0.1
9433.T,2025-01-06,2025-01-08,2404.7617038643557,2337.038873655201,5805,stop_sma20_break,-406894.1055403944,-2.81619713505612,1,9433.T:2025-01-06,0.1
7751.T,2024-12-17,2025-01-09,4792.674873472171,4879.794266831753,2834,po_break,233190.47200924307,1.8177613891940503,12,7751.T:2024-12-17,0.1
9104.T,2024-12-25,2025-01-09,4993.735396398836,5296.409180761611,2756,replaced,834168.9497038085,6.061069727103363,6,9104.T:2024-12-25,0.1
7203.T,2024-12-16,2025-01-10,2574.4214344732727,2846.394054409303,2657,trail_sma10,715429.6977930518,10.564417165508711,14,7203.T:2024-12-16,0.1
1925.T,2024-12-26,2025-01-10,4570.40637608452,4440.5154703125,3056,po_break,-410715.2966205885,-2.8419990496183822,6,1925.T:2024-12-26,0.1
6503.T,2024-12-27,2025-01-10,2623.0442960907135,2503.0302140169674,5377,po_break,-659097.170630957,-4.57537382241735,5,6503.T:2024-12-27,0.1
6758.T,2025-01-08,2025-01-10,3272.2170879217915,3193.4384564819143,4250,po_break,-348548.70165133616,-2.40750015427339,1,6758.T:2025-01-08,0.1
9432.T,2025-01-07,2025-01-14,149.4247974948459,146.27852281739945,92921,stop_sma20_break,-306093.5134163693,-2.105590725364692,3,9432.T:2025-01-07,0.1
9101.T,2025-01-09,2025-01-14,4943.01078842374,4595.337163730489,2785,po_break,-981553.19429408,-7.033640822866172,1,9101.T:2025-01-09,0.1
8316.T,2025-01-09,2025-01-15,3686.402041017659,3597.2379890504762,3738,stop_sma20_break,-346908.3494695266,-2.4187283691544548,2,8316.T:2025-01-09,0.1
8830.T,2025-01-10,2025-01-15,2398.6088340156252,2365.832982542267,5660,po_break,-198994.6896800663,-1.3664525456819288,1,8830.T:2025-01-10,0.1
3697.T,2025-01-15,2025-01-17,1391.0562926025389,1414.2509593505858,9870,replaced,228931.36080322374,1.6674139552362632,1,3697.T:2025-01-15,0.1
8306.T,2025-01-14,2025-01-20,1823.6586677845446,1809.5332817562526,7467,po_break,-119038.77961686724,-0.7745630406512549,3,8306.T:2025-01-14,0.1
8316.T,2025-01-16,2025-01-20,3637.7963650293964,3641.9419134931572,3794,po_break,1918.5473571514212,0.11395768338251511,1,8316.T:2025-01-16,0.1
8411.T,2025-01-17,2025-01-21,3776.313280597208,3847.2444693184907,3661,po_break,245724.15944739463,1.87831844052051,1,8411.T:2025-01-17,0.1
8035.T,2025-01-20,2025-01-22,26073.018139672255,26576.103437709593,534,po_break,254590.23369077774,1.929524596432719,1,8035.T:2025-01-20,0.1
6361.T,2025-01-21,2025-01-23,2671.3709487556634,2668.9740927448142,5262,replaced,-12612.25632908852,-0.08972381810042895,1,6361.T:2025-01-21,0.1
8604.T,2025-01-21,2025-01-23,882.3867012650123,896.3326296797424,15937,replaced,222256.26114555233,1.5804780823120756,1,8604.T:2025-01-21,0.1
7936.T,2025-01-08,2025-01-24,3070.980958632502,3569.5380900831547,2262,rsi_half,1120225.8042972793,16.234458570940102,10,7936.T:2025-01-08,0.1
3402.T,2025-01-09,2025-01-24,1002.650833439239,1036.5931488266747,13759,replaced,467012.3174157272,3.3852577842087506,9,3402.T:2025-01-09,0.1
7453.T,2025-01-10,2025-01-27,1756.9668784808168,1938.1606093014805,3862,rsi_half,692634.8972504954,10.312871178159888,9,7453.T:2025-01-10,0.1
6954.T,2025-01-09,2025-01-27,4025.663801353717,4639.061338115409,3428,replaced,2102726.756019079,15.2371774452557,10,6954.T:2025-01-09,0.1
8830.T,2025-01-22,2025-01-30,2409.922878165322,2668.2509669852952,2959,rsi_half,756879.6566144008,10.719350862241651,5,8830.T:2025-01-22,0.1
7453.T,2025-01-10,2025-01-30,1756.9668784808168,1997.2658068967012,3863,replaced,928274.7604705612,13.676918521290604,12,7453.T:2025-01-10,0.1
7936.T,2025-01-08,2025-01-31,3070.980958632502,3510.0457546718685,2262,max_holding_days,985721.4274283003,14.297216490553577,15,7936.T:2025-01-08,0.1
8316.T,2025-01-30,2025-02-04,3685.448963458673,3638.1371034958074,4051,stop_sma20_break,-206494.26828818477,-1.283747527966439,2,8316.T:2025-01-30,0.1
8306.T,2025-01-23,2025-02-06,1818.8847268742368,1848.6017421989889,7910,replaced,235061.59121878896,1.633804214510115,9,8306.T:2025-01-23,0.1
5108.T,2025-01-24,2025-02-07,2592.767038489452,2643.011001250754,5564,po_break,264991.47429732763,1.937851030016735,9,5108.T:2025-01-24,0.1
5411.T,2025-02-05,2025-02-07,1672.6225929069035,1613.777991495699,8838,po_break,-534591.1914546995,-3.5181039441142814,1,5411.T:2025-02-05,0.1
8830.T,2025-01-22,2025-02-10,2409.922878165322,2587.7369908440223,2960,po_break,518933.23692281946,7.378415064222743,12,8830.T:2025-01-22,0.1
7203.T,2025-02-06,2025-02-10,2825.3749900768835,2691.1709403040527,5215,po_break,-714258.5130787808,-4.749955324308253,1,7203.T:2025-02-06,0.1
8411.T,2025-01-22,2025-02-12,3819.465717603423,3971.658047785693,3730,po_break,553146.945757416,3.9846497241966317,13,8411.T:2025-01-22,0.1
7532.T,2025-02-06,2025-02-13,865.7040097346319,838.4176504644773,16979,po_break,-477762.2348822144,-3.151927097867868,3,7532.T:2025-02-06,0.1
3402.T,2025-02-10,2025-02-13,1041.5886717382903,993.3612090763766,14070,po_break,-692876.272064657,-4.6301831011110846,1,3402.T:2025-02-10,0.1
8630.T,2025-02-12,2025-02-14,4120.838234315057,4167.069566581672,3543,po_break,149115.58155132848,1.1218914608595254,1,8630.T:2025-02-12,0.1
7261.T,2025-02-12,2025-02-18,967.8833495135517,940.1046990840762,15125,stop_sma20_break,-434581.24736333697,-2.8700411514917423,3,7261.T:2025-02-12,0.1
4204.T,2025-02-13,2025-02-18,2466.2236787450456,2408.3086237433095,5974,replaced,-345984.5385803718,-2.34832937096795,2,4204.T:2025-02-13,0.1
7261.T,2025-02-17,2025-02-19,971.1204351995408,932.2589417131145,15317,po_break,-609818.5266896771,-4.001717199828181,1,7261.T:2025-02-17,0.1
7453.T,2025-02-18,2025-02-20,1995.8355748446131,1918.458773728974,7439,stop_sma20_break,-590165.2413287592,-3.8769126119852504,1,7453.T:2025-02-18,0.1
5401.T,2025-01-29,2025-02-21,547.250514784582,581.4599856857678,27163,max_holding_days,913902.2764267717,6.2511537179004595,15,5401.T:2025-01-29,0.1
6971.T,2025-02-07,2025-02-21,1582.1055608534762,1653.0102538953183,9246,replaced,655584.7918648727,4.481666381577742,8,6971.T:2025-02-07,0.1
4204.T,2025-02-20,2025-02-25,2405.9554039028317,2390.168804500539,6067,po_break,-110326.34135990158,-0.6561468004221749,1,4204.T:2025-02-20,0.1
8604.T,2025-02-20,2025-02-25,938.4038455524216,905.6655744758898,15543,po_break,-523182.13284028316,-3.4887187676921005,1,8604.T:2025-02-20,0.1
8630.T,2025-02-17,2025-02-26,4026.051010130554,4089.672216606282,3686,stop_sma20_break,219550.4891626568,1.5802384598615493,5,8630.T:2025-02-17,0.1
9101.T,2025-02-21,2025-02-26,4836.66027268695,4843.609169092708,3011,po_break,6349.481433138681,0.143671376817589,1,9101.T:2025-02-21,0.1
6988.T,2025-02-21,2025-02-26,2889.640932041484,2885.810856791144,5034,replaced,-19280.598810212,-0.13254502342733288,1,6988.T:2025-02-21,0.1
9434.T,2025-02-03,2025-02-27,187.91559979535123,199.40856003970464,78436,max_holding_days,886271.750825693,6.116022436066926,15,9434.T:2025-02-03,0.1
8750.T,2025-02-07,2025-02-27,999.4184944722189,1054.9561744995115,14643,trail_sma10,798197.144500769,5.556999428614873,11,8750.T:2025-02-07,0.1
8630.T,2025-02-25,2025-02-27,4146.689324557187,4213.890983678721,3502,po_break,220700.8341238887,1.620609933894901,1,8630.T:2025-02-25,0.1
1925.T,2025-02-25,2025-02-27,4744.761838258397,4682.9849763235225,3054,po_break,-203062.7057349731,-1.3020013235806593,1,1925.T:2025-02-25,0.1
8309.T,2025-02-19,2025-02-28,3733.988582653718,3623.954590072955,3947,po_break,-448825.06956764753,-2.9468218808147095,5,8309.T:2025-02-19,0.1
8411.T,2025-02-26,2025-02-28,4069.7497602555445,4037.6928619828104,3564,po_break,-128698.24819685305,-0.7876872083339426,1,8411.T:2025-02-26,0.1
8306.T,2025-02-26,2025-02-28,1861.8504728126525,1838.1198250071072,7774,po_break,-198863.84058793404,-1.2745732351801542,1,8306.T:2025-02-26,0.1
6988.T,2025-02-26,2025-03-03,2891.5882559038387,2881.924551736216,4992,replaced,-48241.21120477229,-0.3342005608126253,2,6988.T:2025-02-26,0.1
8002.T,2025-02-27,2025-03-03,2292.9945336924307,2279.802916087128,6342,replaced,-83661.23885283024,-0.5753008745319699,1,8002.T:2025-02-27,0.1
1801.T,2025-02-27,2025-03-03,6534.384318923864,6461.114013985704,2224,replaced,-162953.15818246745,-1.1213038805502396,1,1801.T:2025-02-27,0.1
6326.T,2025-02-28,2025-03-04,1831.7723698330053,1769.7683832443024,7882,po_break,-502909.09440003394,-3.3849176682556603,1,6326.T:2025-02-28,0.1
8473.T,2025-02-28,2025-03-04,2065.16963680168,2099.913685051707,6987,po_break,228205.94653804338,1.6823822910661645,1,8473.T:2025-02-28,0.1
8316.T,2025-02-28,2025-03-04,3669.246945734466,3642.892940810106,3931,po_break,-117969.6043046615,-0.7182401542909611,1,8316.T:2025-02-28,0.1
6305.T,2025-03-03,2025-03-05,3691.380845010446,3596.559544693712,3942,po_break,-388150.09635667363,-2.5687216870321605,1,6305.T:2025-03-03,0.1
9434.T,2025-02-26,2025-03-05,199.5246286676129,201.66921157100404,72399,replaced,155265.65762261613,1.0748462070633957,4,9434.T:2025-02-26,0.1
7453.T,2025-03-04,2025-03-06,1974.8932829427083,1926.3782789513223,7352,po_break,-371023.3836061926,-2.456588637493151,1,7453.T:2025-03-04,0.1
7270.T,2025-03-04,2025-03-06,2608.5995127438646,2608.066477929722,5551,stop_sma20_break,-17437.732710419063,-0.020433754263093906,1,7270.T:2025-03-04,0.1
5411.T,2025-02-27,2025-03-07,1726.8344842778417,1820.863884215199,8396,replaced,789470.841874052,5.445188916103927,5,5411.T:2025-02-27,0.1
6201.T,2025-03-06,2025-03-11,12918.025117124664,12679.651353420437,1130,po_break,-283825.04019163427,-1.8452802308630667,2,6201.T:2025-03-06,0.1
9101.T,2025-03-05,2025-03-12,4930.988734210045,4836.225906793653,2939,po_break,-292860.87169173016,-1.921781462588823,4,9101.T:2025-03-05,0.1
9104.T,2025-03-03,2025-03-13,5194.793165399169,5110.684536233458,2799,po_break,-249842.56907826033,-1.6190948607142097,7,9104.T:2025-03-03,0.1
1925.T,2025-03-05,2025-03-13,4762.864183818647,4685.837035532384,3041,po_break,-248606.30814254802,-1.6172442738962567,5,1925.T:2025-03-05,0.1
8802.T,2025-03-11,2025-03-13,2160.8482599253825,2163.8709817039708,6640,po_break,5712.804727616331,0.1398858880860443,1,8802.T:2025-03-11,0.1
8630.T,2025-03-03,2025-03-14,4298.923093471012,4294.155641429495,3379,po_break,-30627.226970902288,-0.1108987515677673,8,8630.T:2025-03-03,0.1
9107.T,2025-03-12,2025-03-14,2036.5575400776522,2025.98304390256,7040,po_break,-88744.59592825969,-0.519233852567158,1,9107.T:2025-03-12,0.1
2503.T,2025-03-12,2025-03-14,1982.224235137425,1951.2304655845512,7242,po_break,-238699.91857322634,-1.5635854412164973,1,2503.T:2025-03-12,0.1
4502.T,2025-02-25,2025-03-17,3998.5209527389475,4162.399924430866,3629,po_break,579908.7973383481,4.098489757310464,13,4502.T:2025-02-25,0.1
8002.T,2025-03-13,2025-03-17,2290.118571445337,2315.678818945853,6284,po_break,146149.17989263468,1.1161102232529752,1,8002.T:2025-03-13,0.1
8053.T,2025-03-13,2025-03-17,3274.2826584020013,3295.36893580634,4390,po_break,78148.37255575866,0.6439968568452636,1,8053.T:2025-03-13,0.1
5332.T,2025-03-14,2025-03-18,3882.4670255782166,4018.28902182855,3717,replaced,504850.36006248975,3.4983425578509753,1,5332.T:2025-03-14,0.1
8058.T,2025-03-14,2025-03-18,2462.532539800456,2675.811755883954,5858,replaced,1249389.6478171307,8.660970469887896,1,8058.T:2025-03-14,0.1
7270.T,2025-03-17,2025-03-19,2644.2307426369275,2758.2620057288314,5576,po_break,620776.1732180121,4.312455083938227,1,7270.T:2025-03-17,0.1
4183.T,2025-03-17,2025-03-19,1639.0536784041715,1666.3496956404501,9013,po_break,231123.20304544747,1.66535224537947,1,4183.T:2025-03-17,0.1
9022.T,2025-03-18,2025-03-21,3004.078634047271,2960.6004382878523,5007,po_break,-232627.90022500025,-1.4473055154632264,1,9022.T:2025-03-18,0.1
6326.T,2025-03-19,2025-03-25,1890.2331882552942,1886.4563982387017,7952,replaced,-30033.034211943446,-0.19980550759869375,2,6326.T:2025-03-19,0.1
7270.T,2025-03-18,2025-03-26,2700.4909958197914,2759.197614452488,5569,replaced,326937.1591654869,2.173923879900763,4,7270.T:2025-03-18,0.1
5401.T,2025-03-13,2025-03-28,593.374858205405,591.2292985593614,24244,po_break,-66376.71964698305,-0.36158587044495816,9,5401.T:2025-03-13,0.1
6305.T,2025-03-10,2025-03-31,3726.2407531055646,3776.642703194896,3878,po_break,180910.67142466066,1.352621943370802,13,6305.T:2025-03-10,0.1
8830.T,2025-03-12,2025-04-01,2568.321567238418,2818.507500439296,5576,trail_sma10,1380018.2840874104,9.74122307705767,12,8830.T:2025-03-12,0.1
6971.T,2025-03-24,2025-04-01,1679.9330957345114,1643.734246202318,8975,stop_sma20_break,-339799.63174837764,-2.1547792363937224,5,6971.T:2025-03-24,0.1
5108.T,2025-03-14,2025-04-02,2896.520117666622,2892.1786387143557,4984,po_break,-36063.368398996354,-0.14988602791972117,11,5108.T:2025-03-14,0.1
6752.T,2025-03-31,2025-04-02,1752.5833771928208,1707.4486377958783,8432,po_break,-395163.6175702111,-2.5753262289430423,1,6752.T:2025-03-31,0.1
2503.T,2025-03-25,2025-04-03,1996.7354644376126,1933.8517988657131,7560,stop_sma20_break,-490258.13157884625,-3.149323818396288,6,2503.T:2025-03-25,0.1
4452.T,2025-03-27,2025-04-03,6400.79243430893,6152.025160824747,2372,stop_sma20_break,-604963.6143723098,-3.8865074291546065,4,4452.T:2025-03-27,0.1
9434.T,2025-03-28,2025-04-03,203.6564573742394,194.12014614378006,73934,po_break,-719762.242215032,-4.682547930672976,3,9434.T:2025-03-28,0.1
4689.T,2025-04-02,2025-04-04,511.73575339529964,509.34123982641313,28473,po_break,-82715.5474609065,-0.4679199280095636,1,4689.T:2025-04-02,0.1
4507.T,2025-04-02,2025-04-04,2238.670265700358,2358.6177022840766,6502,po_break,764952.4494834212,5.357976939323561,1,4507.T:2025-04-02,0.1
4452.T,2025-04-02,2025-04-04,6430.10457648192,6301.217596891741,2258,po_break,-305400.46264836343,-2.004430535415902,1,4452.T:2025-04-02,0.1
6701.T,2025-04-02,2025-04-07,3208.436726379084,2655.9787018206307,4510,po_break,-2504809.9475492155,-17.21891599158746,2,6701.T:2025-04-02,0.1
8630.T,2025-04-03,2025-04-07,4337.549625737318,3665.8136899038464,3361,po_break,-2271154.1323882327,-15.486530271553644,1,8630.T:2025-04-03,0.1
9766.T,2025-04-03,2025-04-07,17019.034016483576,16787.413291132987,858,po_break,-213233.5482457729,-1.3609510688224469,1,9766.T:2025-04-03,0.1
9697.T,2025-04-03,2025-04-07,3480.203074807363,3374.577689368207,4210,po_break,-459112.186207437,-3.035035116305751,1,9697.T:2025-04-03,0.1
4502.T,2025-03-31,2025-04-08,4242.979182389035,4022.3925282785112,3479,po_break,-781798.5837412169,-5.198862512125757,5,4502.T:2025-03-31,0.1
9766.T,2025-04-15,2025-04-21,18905.088459259438,19603.43330021314,753,replaced,525853.6652381371,3.693951723413713,3,9766.T:2025-04-15,0.1
3038.T,2025-04-08,2025-04-21,3704.301508257291,4349.877511372163,3735,replaced,2411226.371634047,17.42773912101412,8,3038.T:2025-04-08,0.1
7532.T,2025-04-17,2025-04-22,870.2697574680773,872.8894534651872,16492,replaced,43204.02638433718,0.3010211459871348,2,7532.T:2025-04-17,0.1
7453.T,2025-04-09,2025-04-23,2096.959737722913,2391.878408441659,6674,replaced,1968287.2083769105,14.064107451056639,9,7453.T:2025-04-09,0.1
2502.T,2025-04-21,2025-04-23,1976.2377207753668,1975.1995714430034,7454,replaced,-7738.3651234371255,-0.052531601914573844,1,2502.T:2025-04-21,0.1
8801.T,2025-04-18,2025-04-24,1397.694532891537,1418.378428710419,10461,replaced,216374.23416132556,1.4798581043378167,3,8801.T:2025-04-18,0.1
2503.T,2025-04-18,2025-04-25,2090.0906336412527,2069.5015060053456,7004,replaced,-144206.24996189307,-0.985083005708598,4,2503.T:2025-04-18,0.1
9022.T,2025-04-23,2025-04-30,3026.098576049201,2915.9470357577306,4909,replaced,-540733.911290827,-3.6400512912332594,3,9022.T:2025-04-23,0.1
2269.T,2025-04-10,2025-05-01,3272.997615010164,3438.989298772329,4318,po_break,702260.9107381738,5.071549181732293,13,2269.T:2025-04-10,0.1
9432.T,2025-04-28,2025-05-01,143.34921603028323,144.9947877326362,101847,po_break,152913.05529392307,1.147946077364903,1,9432.T:2025-04-28,0.1
8113.T,2025-04-11,2025-05-01,1209.943051565156,1299.2052878162367,11635,replaced,1038566.1187813227,7.377391533891853,12,8113.T:2025-04-11,0.1
1925.T,2025-04-22,2025-05-02,4962.833659315664,5019.562465256231,2969,po_break,153608.9577906174,1.143072886073515,6,1925.T:2025-04-22,0.1
9432.T,2025-04-30,2025-05-02,144.9946754710671,145.1879876439013,101276,po_break,4883.613921140401,0.13332363564810823,1,9432.T:2025-04-30,0.1
8802.T,2025-04-30,2025-05-02,2473.2342394537095,2527.0263874345546,5934,po_break,304366.8328383575,2.174971829305039,1,8802.T:2025-04-30,0.1
2503.T,2025-04-30,2025-05-02,2082.835067766042,2074.811566229541,7047,po_break,-71191.0832426063,-0.3852202058949761,1,2503.T:2025-04-30,0.1
2503.T,2025-05-01,2025-05-07,2091.057895312906,2094.6039274042478,7052,po_break,10247.974721240687,0.1695807705415664,1,2503.T:2025-05-01,0.1
2413.T,2025-05-01,2025-05-07,1771.4816281695832,1798.98477662871,8318,po_break,213921.61910546065,1.5525505893924985,1,2413.T:2025-05-01,0.1
9531.T,2025-04-24,2025-05-08,4746.041362459644,4701.2038705859695,3065,po_break,-151904.8159124547,-0.9447345366252247,6,9531.T:2025-04-24,0.1
8630.T,2025-05-01,2025-05-08,4502.919440626335,4562.850766694758,3274,replaced,196215.1615480169,1.3309437767797805,2,8630.T:2025-05-01,0.1
9531.T,2025-05-07,2025-05-09,4772.610573312784,4755.218085048076,3119,po_break,-69105.81969033781,-0.36442295044901707,1,9531.T:2025-05-07,0.1
4307.T,2025-05-07,2025-05-12,5472.584084161588,5791.020056209121,2707,replaced,862006.1763326722,5.818749737790796,2,4307.T:2025-05-07,0.1
9735.T,2025-05-08,2025-05-12,5293.227620054639,5503.539160154466,2799,replaced,588662.0007394151,3.9732192755703943,1,9735.T:2025-05-08,0.1
9434.T,2025-05-07,2025-05-13,214.63367293211314,212.57116229490802,69093,replaced,-142505.0474564135,-0.96094457548489,3,9434.T:2025-05-07,0.1
1925.T,2025-05-01,2025-05-14,4988.964338561101,4725.941099358132,2955,stop_sma20_break,-791587.4446292972,-5.272101008419483,6,1925.T:2025-05-01,0.1
2502.T,2025-05-09,2025-05-15,1953.8798331180694,1862.6637668109506,7690,stop_sma20_break,-716126.1600434707,-4.668458354552596,3,2502.T:2025-05-09,0.1
2503.T,2025-05-09,2025-05-15,2106.0529103149834,1999.0215616536498,7160,po_break,-781040.6230247963,-5.082082607569715,3,2503.T:2025-05-09,0.1
4689.T,2025-05-12,2025-05-15,536.0901508187658,512.4774900138628,28123,po_break,-678803.2936978531,-4.404606346309392,2,4689.T:2025-05-12,0.1
9531.T,2025-05-13,2025-05-15,4747.025713278941,4603.978740659803,3115,stop_sma20_break,-460155.50914562354,-3.0134021018464185,1,9531.T:2025-05-13,0.1
2914.T,2025-04-22,2025-05-16,4047.6067560894235,4176.710350580871,3639,po_break,454843.8353787906,3.1896279028889696,14,2914.T:2025-04-22,0.1
9022.T,2025-05-14,2025-05-16,3046.961590102107,3073.5925722286843,4766,po_break,112337.98024643284,0.8740176513247322,1,9022.T:2025-05-14,0.1
8802.T,2025-05-14,2025-05-19,2517.248913445421,2545.781433628384,5770,po_break,150025.79890439005,1.1334802859805482,2,8802.T:2025-05-14,0.1
3038.T,2025-05-15,2025-05-19,4343.692956771294,4525.259706416172,3336,po_break,590913.2637731155,4.18000884159726,1,3038.T:2025-05-15,0.1
8830.T,2025-05-14,2025-05-20,2731.1332711810287,2652.5967264297633,5319,po_break,-432053.9114606266,-2.875602797563359,3,8830.T:2025-05-14,0.1
8031.T,2025-05-16,2025-05-20,2862.671555164823,2874.024319985301,5140,replaced,58353.21117725751,0.3965793700641429,1,8031.T:2025-05-16,0.1
8630.T,2025-05-19,2025-05-21,4551.557453530763,4256.071763796543,3224,po_break,-966843.7620014589,-6.4919687986143,1,8630.T:2025-05-19,0.1
9983.T,2025-05-19,2025-05-22,48162.54653895128,46108.45982462143,304,po_break,-638771.5541235383,-4.264904706956507,2,9983.T:2025-05-19,0.1
6532.T,2025-05-20,2025-05-22,7912.053674988969,8092.425483615704,1831,po_break,315608.68092584994,2.279709112653183,1,6532.T:2025-05-20,0.1
9432.T,2025-05-07,2025-05-23,147.51127584097748,145.96077023537373,100570,po_break,-170691.59059251804,-1.0511098875419123,11,9432.T:2025-05-07,0.1
5108.T,2025-05-14,2025-05-23,2936.602061762021,2926.3972564593273,4946,replaced,-50472.967027123465,-0.34750385268648154,6,5108.T:2025-05-14,0.1
4684.T,2025-05-16,2025-05-26,5175.078816956588,5115.737590323143,2844,replaced,-168766.44854551594,-1.146672905521895,5,4684.T:2025-05-16,0.1
1812.T,2025-05-21,2025-05-27,3483.1456976175186,3530.608171807043,4143,replaced,196637.03056720013,1.362632468173497,3,1812.T:2025-05-21,0.1
1801.T,2025-05-22,2025-05-27,7970.351640073912,7856.826148900852,1810,replaced,-205481.13902323841,-1.4243473349691116,2,1801.T:2025-05-22,0.1
3038.T,2025-05-21,2025-06-02,4484.6767764312735,4502.46961511711,3221,replaced,57310.73340707974,0.39674740394546326,7,3038.T:2025-05-21,0.1
9697.T,2025-05-26,2025-06-02,4132.741082806124,4259.664193034641,3528,replaced,447784.7328862099,3.071160464336109,4,9697.T:2025-05-26,0.1
8031.T,2025-05-26,2025-06-02,2886.6211359250938,2926.705321201653,5059,replaced,202785.89331411355,1.3886195447575966,4,8031.T:2025-05-26,0.1
7741.T,2025-05-30,2025-06-03,17118.764426032878,16388.94352800282,860,po_break,-642054.2867260858,-4.26328022202469,1,7741.T:2025-05-30,0.1
1812.T,2025-05-30,2025-06-04,3479.2506507093635,3508.256482993758,4224,po_break,107763.02050290041,0.8336804443359158,2,1812.T:2025-05-30,0.1
5108.T,2025-06-02,2025-06-04,2973.3038095965885,2864.7075863513396,4952,stop_sma20_break,-552223.4137268396,-3.6523756131057072,1,5108.T:2025-06-02,0.1
9602.T,2025-06-03,2025-06-05,1536.1147267995273,1511.3560681835,9533,po_break,-250550.06213087516,-1.6117714506657776,1,9602.T:2025-06-03,0.1
7532.T,2025-05-15,2025-06-06,889.3267563745953,931.1348676367417,16298,max_holding_days,666553.6555763924,4.701096752399536,15,7532.T:2025-05-15,0.1
6758.T,2025-05-22,2025-06-06,3628.666309318688,3730.554682827379,3976,trail_sma10,390478.0417381693,2.807873880467704,10,6758.T:2025-05-22,0.1
1812.T,2025-06-03,2025-06-06,3529.886504465581,3507.284574577997,4141,po_break,-108165.05438364504,-0.6403018867317867,2,1812.T:2025-06-03,0.1
6301.T,2025-06-04,2025-06-06,4231.057278469521,4230.337113682362,3463,po_break,-17144.835047945286,-0.017020917935206548,1,6301.T:2025-06-04,0.1
6301.T,2025-06-05,2025-06-09,4234.931444289819,4340.542674721381,3426,po_break,347134.2882926654,2.493812044442012,1,6301.T:2025-06-05,0.1
3402.T,2025-06-05,2025-06-09,965.0579990803578,956.1733933823282,15022,po_break,-147894.91578458855,-0.9206291960168311,1,3402.T:2025-06-05,0.1
8031.T,2025-06-05,2025-06-09,2896.3961159542787,2906.2182934610037,5002,po_break,34618.19325069075,0.3391172033625267,1,8031.T:2025-06-05,0.1
9531.T,2025-06-06,2025-06-10,4681.094613940384,4843.605461409385,3132,po_break,494068.2939549118,3.471642016912879,1,9531.T:2025-06-06,0.1
6501.T,2025-06-06,2025-06-10,3960.799105860164,4068.4203924663543,3718,replaced,400135.9436018148,2.717160949843689,1,6501.T:2025-06-06,0.1
7532.T,2025-06-09,2025-06-11,931.0139596580742,921.8235649800305,15949,po_break,-161353.05756034603,-0.9871382252333749,1,7532.T:2025-06-09,0.1
1801.T,2025-05-30,2025-06-12,7716.082661480241,7744.586095068945,1904,po_break,39551.98089665751,0.3694029061015236,8,1801.T:2025-05-30,0.1
8802.T,2025-05-23,2025-06-16,2542.965397121753,2636.5964086497047,5706,po_break,519481.26194662595,3.6819616827632684,15,8802.T:2025-05-23,0.1
3038.T,2025-06-11,2025-06-16,4464.819967894617,4453.917479675553,3302,po_break,-50724.851625285504,-0.2441865136211585,2,3038.T:2025-06-11,0.1
1812.T,2025-06-05,2025-06-17,3491.909643949063,3547.128965360895,4145,replaced,228884.0872520435,1.5813502364678378,7,1812.T:2025-06-05,0.1
6504.T,2025-06-10,2025-06-18,6540.2530978172035,6294.842133433398,2265,po_break,-570391.5796787108,-3.7523160145852885,5,6504.T:2025-06-10,0.1
9684.T,2025-06-13,2025-06-19,2964.95837293987,3331.1679168375895,2476,rsi_half,898940.2263440088,12.351254143733858,3,9684.T:2025-06-13,0.1
6701.T,2025-06-06,2025-06-19,3737.2235388134764,4109.960082661962,3930,replaced,1464854.6173245474,9.973621860650717,8,6701.T:2025-06-06,0.1
8601.T,2025-06-09,2025-06-27,934.8448405775213,962.353080279182,15880,po_break,421767.0949707701,2.9425460255700697,13,8601.T:2025-06-09,0.1
1802.T,2025-06-16,2025-06-27,2146.463899658203,2116.453618737262,6946,po_break,-223256.5238182444,-1.398126515229059,8,1802.T:2025-06-16,0.1
1812.T,2025-06-26,2025-06-30,3554.2304034369104,3659.8595800092235,4322,po_break,440939.65269131016,2.9719282258733326,1,1812.T:2025-06-26,0.1
1812.T,2025-06-27,2025-07-01,3609.7347856801343,3692.901355511209,4322,po_break,343664.91810879105,2.3039523612925272,1,1812.T:2025-06-27,0.1
7741.T,2025-06-30,2025-07-02,17079.218412518097,16349.476117479644,918,po_break,-685247.1976345693,-4.272691392620132,1,7741.T:2025-06-30,0.1
9684.T,2025-06-13,2025-07-03,2964.95837293987,3418.0533938829894,2477,trail_sma10,1114411.0068028965,15.281665505942943,13,9684.T:2025-06-13,0.1
9766.T,2025-06-13,2025-07-03,20286.21311620832,20749.59895588508,727,trail_sma10,321964.98775679927,2.284240222767475,13,9766.T:2025-06-13,0.1
8604.T,2025-06-17,2025-07-09,857.5968218348504,882.6595690271757,17478,po_break,422838.5948277189,2.9224393740992394,15,8604.T:2025-06-17,0.1
8411.T,2025-07-01,2025-07-09,3911.809413519425,3883.548835041089,3967,po_break,-127571.8079095783,-0.7224426215823754,5,8411.T:2025-07-01,0.1
7532.T,2025-06-18,2025-07-10,935.3811553473348,990.8534547148528,16306,max_holding_days,888826.722710911,5.930448678637257,15,7532.T:2025-06-18,0.1
9434.T,2025-07-08,2025-07-10,213.7670616210843,210.55310346341872,71965,po_break,-246560.5991565571,-1.503486146692956,1,9434.T:2025-07-08,0.1
6902.T,2025-07-02,2025-07-11,1861.466619876339,1914.8046626673047,8239,po_break,423895.7850063268,2.8653773439412555,6,6902.T:2025-07-02,0.1
4502.T,2025-07-02,2025-07-11,4257.404360734332,4174.995585315159,3603,po_break,-312109.7863380894,-1.9356577021253152,6,4502.T:2025-07-02,0.1
9101.T,2025-07-09,2025-07-11,4945.603713881908,4926.138682184624,3114,po_break,-75984.41161602033,-0.39358251941310485,1,9101.T:2025-07-09,0.1
8053.T,2025-07-09,2025-07-11,3605.6406855772693,3605.226235529419,4273,po_break,-17176.96223140984,-0.011494491104124815,1,8053.T:2025-07-09,0.1
8316.T,2025-07-10,2025-07-14,3475.3745842216563,3503.2021055748487,4417,po_break,107501.97519763536,0.8007056701033077,1,8316.T:2025-07-10,0.1
8309.T,2025-07-10,2025-07-14,3726.8916477909897,3717.524122220553,4119,po_break,-53916.612102966945,-0.2513495549565814,1,8309.T:2025-07-10,0.1
4502.T,2025-07-10,2025-07-14,4246.8255799988465,4163.478244396129,3615,po_break,-316502.2423664161,-1.9625796735155743,1,4502.T:2025-07-10,0.1
8053.T,2025-07-10,2025-07-14,3615.3593279194074,3609.105827337619,4237,po_break,-41801.11139645013,-0.17297037485309863,1,8053.T:2025-07-10,0.1
7532.T,2025-07-11,2025-07-15,994.832804933805,1001.8076143798828,15362,replaced,107147.0227106465,0.7011036841051643,1,7532.T:2025-07-11,0.1
8002.T,2025-07-11,2025-07-16,2945.758128564453,2873.5227397908925,5193,replaced,-375118.37390109873,-2.4521832961473478,2,8002.T:2025-07-11,0.1
1801.T,2025-07-11,2025-07-16,8414.344505738562,8237.468217246293,1820,replaced,-321914.8450559295,-2.102080421970365,2,1801.T:2025-07-11,0.1
9022.T,2025-06-26,2025-07-18,3121.4714172215404,3325.4287972696343,4925,max_holding_days,988614.604958678,6.534014020530066,15,9022.T:2025-06-26,0.1
8001.T,2025-07-08,2025-07-22,1499.5635027491053,1475.0760979972988,10245,po_break,-266111.05303708086,-1.6329688410603782,8,8001.T:2025-07-08,0.1
1605.T,2025-07-14,2025-07-22,2062.277280995283,2006.0515890904942,7412,po_break,-431822.0551908328,-2.7263885619519423,4,1605.T:2025-07-14,0.1
5108.T,2025-07-11,2025-07-23,3004.286094511502,2981.08032822779,5103,po_break,-133690.68777340348,-0.7724219849137071,6,5108.T:2025-07-11,0.1
8306.T,2025-07-15,2025-07-23,1948.7741978984236,1983.690828553512,7781,po_break,256387.0479418307,1.791722750267466,4,8306.T:2025-07-15,0.1
8001.T,2025-07-18,2025-07-23,1483.9022725506472,1514.1511159679608,10244,po_break,294513.12251096754,2.0384660079615147,1,8001.T:2025-07-18,0.1
8015.T,2025-07-17,2025-07-25,3153.6112430700355,3421.371049834994,2410,rsi_half,637378.2806406,8.490577503912466,4,8015.T:2025-07-17,0.1
9531.T,2025-07-22,2025-07-30,4832.637455433621,4798.4294255573905,3193,replaced,-109226.2393948033,-0.7078542553977107,5,9531.T:2025-07-22,0.1
5411.T,2025-07-29,2025-07-31,1680.2949248183866,1675.0233044053325,9321,stop_sma20_break,-64774.23447737396,-0.3137318535687328,1,5411.T:2025-07-29,0.1
4751.T,2025-07-30,2025-08-01,1528.6030745816097,1528.5168791187023,10320,po_break,-16664.27613829825,-0.005638838776444999,1,4751.T:2025-07-30,0.1
6501.T,2025-07-15,2025-08-04,4105.259509641978,4050.6461990924686,3690,trail_sma10,-216570.76196030548,-1.3303254135637488,12,6501.T:2025-07-15,0.1
9101.T,2025-07-22,2025-08-04,4981.13497653283,4955.848672620537,3098,po_break,-93729.3571928197,-0.5076414116746752,8,9101.T:2025-07-22,0.1
8316.T,2025-07-18,2025-08-05,3531.507194760096,3622.0037844242847,4312,po_break,374798.3249608607,2.5625486420773447,10,8316.T:2025-07-18,0.1
8031.T,2025-08-01,2025-08-05,3040.0916893305434,3031.091102636719,5177,po_break,-62311.29397093678,-0.2960630011723975,1,8031.T:2025-08-01,0.1
2802.T,2025-07-31,2025-08-06,3940.6769782705696,3852.764085060612,4035,stop_sma20_break,-370451.79144744907,-2.230908386927455,3,2802.T:2025-07-31,0.1
7272.T,2025-08-04,2025-08-06,1079.9359835632183,1029.238616483848,14478,po_break,-749264.7955048628,-4.6944789182869595,1,7272.T:2025-08-04,0.1
8015.T,2025-07-17,2025-08-12,3153.6112430700355,3862.20918712309,2410,max_holding_days,1699266.9815494788,22.4694132991242,15,8015.T:2025-07-17,0.1
2802.T,2025-08-05,2025-08-12,3833.743924560422,3987.15128388693,4061,po_break,607106.9585041965,4.001502508910981,3,2802.T:2025-08-05,0.1
6645.T,2025-08-05,2025-08-12,3848.562511237346,3665.401627604166,4050,po_break,-757017.3560955321,-4.759202509985783,3,6645.T:2025-08-05,0.1
2802.T,2025-08-08,2025-08-13,3962.459691834412,3922.921915174535,4000,po_break,-173921.8698535248,-0.9978089301792448,1,2802.T:2025-08-08,0.1
6503.T,2025-07-22,2025-08-14,3107.9506317090813,3621.8228425372026,4952,max_holding_days,2528032.2688986226,16.534117549529405,15,6503.T:2025-07-22,0.1
4452.T,2025-08-12,2025-08-14,6734.058307701525,6609.087093512043,2409,po_break,-317127.47361822496,-1.8558083176463902,1,4452.T:2025-08-12,0.1
6532.T,2025-08-13,2025-08-15,8571.555743109606,8366.096795378811,1891,po_break,-404537.42063407326,-2.3969854935138923,1,6532.T:2025-08-13,0.1
6902.T,2025-08-13,2025-08-19,2078.5248560580903,2061.799744812518,7784,replaced,-130188.26593553562,-0.8046625565638621,3,6902.T:2025-08-13,0.1
2502.T,2025-08-14,2025-08-20,1898.850714478777,1904.3993674538438,8412,po_break,30678.79898165261,0.292211121851671,3,2502.T:2025-08-14,0.1
4507.T,2025-08-04,2025-08-21,2474.80876095968,2561.5935979582196,6313,po_break,531975.2719258555,3.5067290195338607,11,4507.T:2025-08-04,0.1
4751.T,2025-08-08,2025-08-25,1561.8119509822,1799.098978931655,10198,replaced,2419853.1110285423,15.193060073604169,9,4751.T:2025-08-08,0.1
1925.T,2025-08-01,2025-08-26,4873.796538087476,5110.352346886004,3226,max_holding_days,747024.6070325898,4.853625032352182,15,1925.T:2025-08-01,0.1
7272.T,2025-08-25,2025-08-27,1083.906412442639,1079.7595111840617,15086,po_break,-78880.68444881444,-0.3825884975836691,1,7272.T:2025-08-25,0.1
4568.T,2025-08-26,2025-08-28,3584.4873001019014,3507.1817154168552,4547,po_break,-367631.4030696867,-2.1566706257502566,1,4568.T:2025-08-26,0.1
5401.T,2025-08-19,2025-08-29,535.2487268156341,549.2391000086997,30328,replaced,424300.0381992929,2.6138078415055332,7,5401.T:2025-08-19,0.1
2802.T,2025-08-18,2025-09-01,3967.410398732843,3923.9102930503936,4072,po_break,-193199.15926740473,-1.096435742980939,9,2802.T:2025-08-18,0.1
5201.T,2025-08-20,2025-09-01,4565.011593764783,4534.349779125113,3562,po_break,-125423.34635162291,-0.671670027772775,7,5201.T:2025-08-20,0.1
6902.T,2025-08-28,2025-09-01,2059.144420768821,2050.67860371111,7907,po_break,-83187.40080260122,-0.4111327487437699,1,6902.T:2025-08-28,0.1
5108.T,2025-08-08,2025-09-02,3092.4445791622898,3304.9930874999995,5123,max_holding_days,1072498.9716309318,6.873154971633699,15,5108.T:2025-08-08,0.1
3436.T,2025-08-22,2025-09-02,1212.2128108704276,1219.215111328125,13390,stop_sma20_break,77482.39318944889,0.5776461356376439,6,3436.T:2025-08-22,0.1
7270.T,2025-08-27,2025-09-02,2849.1861249149592,2847.3284031048943,5699,po_break,-26819.374743152774,-0.06520184110894167,3,7270.T:2025-08-27,0.1
5201.T,2025-08-29,2025-09-02,4557.163050215399,4587.222763980285,3546,po_break,90378.74896171539,0.659614620623783,1,5201.T:2025-08-29,0.1
2802.T,2025-08-29,2025-09-02,3989.1928708531414,3994.0682931926112,4049,po_break,3578.4728259029125,0.122215758859201,1,2802.T:2025-08-29,0.1
6902.T,2025-08-29,2025-09-02,2056.2375805084434,2041.4912769439352,7851,po_break,-131858.8639148836,-0.7171497935983595,1,6902.T:2025-08-29,0.1
6971.T,2025-09-01,2025-09-03,1920.307028127225,1930.1314256812436,8412,replaced,82642.83222440413,0.5116055615127291,1,6971.T:2025-09-01,0.1
8053.T,2025-09-01,2025-09-04,4013.826434349584,4102.799707527807,4026,replaced,358206.3978155269,2.2166696700387067,2,8053.T:2025-09-01,0.1
5411.T,2025-09-01,2025-09-04,1779.5588519363587,1816.68248281908,9076,replaced,336934.07389157824,2.08611425479559,2,5411.T:2025-09-01,0.1
6988.T,2025-09-01,2025-09-04,3282.2444707834566,3295.307264549037,4921,replaced,64282.00812042119,0.39798357135969464,2,6988.T:2025-09-01,0.1
6981.T,2025-09-01,2025-09-05,2380.504818157893,2490.3014334655018,6790,replaced,745519.0179386623,4.612324851019323,3,6981.T:2025-09-01,0.1
9101.T,2025-09-02,2025-09-09,5181.840326805522,5328.663245404411,3155,replaced,463226.308179496,2.8334126360354706,4,9101.T:2025-09-02,0.1
6301.T,2025-09-01,2025-09-09,4806.434486198911,5050.110058835929,3362,replaced,819237.2752056527,5.06977830108164,5,6301.T:2025-09-01,0.1
6861.T,2025-09-08,2025-09-10,56714.91526855206,54197.020601164375,294,po_break,-756565.0867848279,-4.439563482489827,1,6861.T:2025-09-08,0.1
8630.T,2025-09-08,2025-09-12,4642.99705685756,4685.173960485704,3590,stop_sma20_break,134671.0170489055,0.9083982417315895,3,8630.T:2025-09-08,0.1
7272.T,2025-09-03,2025-09-18,1111.6988620900827,1109.4776191406252,14633,po_break,-48754.685804336346,-0.19980617280487278,9,7272.T:2025-09-03,0.1
7270.T,2025-09-04,2025-09-19,2903.9412039300237,2967.1653119032208,5625,po_break,339123.1202734526,2.177182784817866,9,7270.T:2025-09-04,0.1
7203.T,2025-09-17,2025-09-19,2846.1061326097733,2867.0787131084976,5830,po_break,105616.21048229365,0.7368868032863185,1,7203.T:2025-09-17,0.1
7751.T,2025-09-11,2025-09-22,4307.894774963753,4281.606951795503,3851,po_break,-117773.49259580499,-0.6102243564774845,5,7751.T:2025-09-11,0.1
2802.T,2025-09-03,2025-09-24,4059.4911148611222,4269.75970800039,4005,po_break,825446.3907499863,5.179678614630023,12,2802.T:2025-09-03,0.1
8309.T,2025-09-09,2025-09-24,4097.463500795141,4203.587948595063,4052,po_break,413198.332248818,2.590003493120263,8,8309.T:2025-09-09,0.1
9432.T,2025-09-18,2025-09-24,155.5450300747177,152.8192765704913,106801,po_break,-307580.00816189015,-1.752388683146644,2,9432.T:2025-09-18,0.1
9735.T,2025-09-18,2025-09-26,5582.4319149722705,5449.544648396444,2973,po_break,-411472.8766913792,-2.3804547659491915,4,9735.T:2025-09-18,0.1
6201.T,2025-09-03,2025-09-29,16391.375,16633.35,990,max_holding_days,223208.01112499853,1.476233689974138,15,6201.T:2025-09-03,0.1
4307.T,2025-09-22,2025-09-29,5785.866118589526,5695.48951203734,2872,po_break,-276048.840703458,-1.562023812853408,3,4307.T:2025-09-22,0.1
7751.T,2025-09-25,2025-09-30,4341.35784696258,4243.299774415639,3830,stop_sma20_break,-392002.03719972266,-2.2586959196544187,2,7751.T:2025-09-25,0.1
1801.T,2025-09-26,2025-09-30,9980.053232083183,9958.032,1672,po_break,-53487.739297104104,-0.22065245115517884,1,1801.T:2025-09-26,0.1
9602.T,2025-09-26,2025-09-30,1891.3165926067054,1863.9682598364927,8845,po_break,-258503.75061246107,-1.4459944399112912,1,9602.T:2025-09-26,0.1
2587.T,2025-09-22,2025-10-01,4631.088072287206,4551.792647877438,3586,po_break,-300818.297064684,-1.7122417706602944,5,2587.T:2025-09-22,0.1
4507.T,2025-09-29,2025-10-01,2605.159247645466,2579.2020404021678,6339,po_break,-180974.56981773552,-0.9963769879618112,1,4507.T:2025-09-29,0.1
7751.T,2025-09-29,2025-10-01,4340.373604832565,4233.477167746908,3796,po_break,-422052.04394351155,-2.462839534519312,1,7751.T:2025-09-29,0.1
7259.T,2025-09-30,2025-10-02,2518.6059755973815,2465.4813245812015,6587,stop_sma20_break,-366347.1677667158,-2.1092878969914852,1,7259.T:2025-09-30,0.1
8309.T,2025-09-22,2025-10-03,4123.451294267809,4036.249222004423,4026,stop_sma20_break,-367501.02007165016,-2.1147836130527398,7,8309.T:2025-09-22,0.1
7270.T,2025-10-01,2025-10-03,2937.4154702238343,2830.475585608441,5595,po_break,-614464.3296518154,-3.640611472889266,1,7270.T:2025-10-01,0.1
3563.T,2025-10-02,2025-10-06,7751.743999999999,7218.774,2117,po_break,-1144143.7833029968,-6.875485052137931,1,3563.T:2025-10-02,0.1
2802.T,2025-10-02,2025-10-06,4190.88720704282,4287.8471412427325,3904,po_break,361981.09366860625,2.3135896866174566,1,2802.T:2025-10-02,0.1
6361.T,2025-09-29,2025-10-07,3159.25521497252,3764.1165510470382,2602,rsi_half,1564841.8897983045,19.145693998000702,5,6361.T:2025-09-29,0.1
1605.T,2025-10-03,2025-10-07,2576.491987369904,2668.181238914374,6425,po_break,572254.9284337796,3.558685685573071,1,1605.T:2025-10-03,0.1
8058.T,2025-10-03,2025-10-07,3442.2974897432973,3493.7981983089403,4804,po_break,230748.90210664738,1.4961144037984875,1,8058.T:2025-10-03,0.1
8601.T,2025-10-06,2025-10-08,1179.4344671807262,1182.9389369562791,14377,po_break,33401.84074748567,0.2971313687253785,1,8601.T:2025-10-06,0.1
6988.T,2025-09-30,2025-10-10,3407.6292570889636,3966.799784776603,2434,rsi_half,1352046.384247763,16.40937101723683,7,6988.T:2025-09-30,0.1
9022.T,2025-10-07,2025-10-10,4287.9842030684,4277.426377449637,3974,replaced,-41956.79900896683,-0.24621885526557863,2,9022.T:2025-10-07,0.1
4901.T,2025-09-30,2025-10-14,3632.9599866003205,3455.870091658039,4566,stop_sma20_break,-824776.25937512,-4.874534693347943,8,4901.T:2025-09-30,0.1
2914.T,2025-09-19,2025-10-15,4647.419438660819,4809.01219495055,3552,max_holding_days,557182.847759832,3.4770426560916334,15,2914.T:2025-09-19,0.1
6988.T,2025-09-30,2025-10-15,3407.6292570889636,3650.1682745378853,2434,trail_sma10,581750.6288746854,7.117529494863994,9,6988.T:2025-09-30,0.1
6532.T,2025-10-09,2025-10-15,8601.476381120461,8424.445048372389,2003,stop_sma20_break,-371645.2198060265,-2.058150541884207,2,6532.T:2025-10-09,0.1
8053.T,2025-10-14,2025-10-16,4343.611223610148,4430.541480980475,3859,replaced,335463.8631920924,2.001336051850333,1,8053.T:2025-10-14,0.1
6201.T,2025-10-10,2025-10-17,16756.739999999998,16593.39,1013,po_break,-182365.39084499853,-0.9748316199928997,3,6201.T:2025-10-10,0.1
8058.T,2025-10-14,2025-10-17,3490.878188319862,3505.6716156998086,4803,replaced,71052.83170588294,0.4237738065293595,2,8058.T:2025-10-14,0.1
2914.T,2025-10-14,2025-10-17,4749.1735736678165,4843.188010363616,3526,replaced,331494.90378938837,1.9795957178122547,2,2914.T:2025-10-14,0.1
6361.T,2025-09-29,2025-10-20,3159.25521497252,3864.1627400717193,2602,trail_sma10,1825031.9135486034,22.31245901750709,13,6361.T:2025-09-29,0.1
5020.T,2025-10-16,2025-10-20,924.546639784089,911.6432083345974,18503,po_break,-255739.70248981455,-1.3956495967045068,1,5020.T:2025-10-16,0.1
6201.T,2025-10-16,2025-10-20,16676.66,16683.3,1025,po_break,-10290.979500000598,0.03981612625070241,1,6201.T:2025-10-16,0.1
7751.T,2025-10-16,2025-10-20,4367.931716599984,4390.636160522217,3910,po_break,71651.37553615955,0.5197985086613732,1,7751.T:2025-10-16,0.1
5802.T,2025-10-06,2025-10-21,4339.251312430101,4527.201448576898,3909,po_break,717367.6002764392,4.33139550153272,9,5802.T:2025-10-06,0.1
1605.T,2025-10-17,2025-10-21,2613.9252788085932,2684.8942406689266,6513,po_break,444965.24283117265,2.715034069094746,1,1605.T:2025-10-17,0.1
9022.T,2025-10-17,2025-10-21,4268.040015284521,4233.636958809666,3988,po_break,-154151.73310806745,-0.8060621819770408,1,9022.T:2025-10-17,0.1
7269.T,2025-10-17,2025-10-21,2167.4433478896194,2234.1477170891017,7839,po_break,505643.51397555723,3.0775599862589376,1,7269.T:2025-10-17,0.1
9503.T,2025-10-20,2025-10-22,2248.807282167223,2217.794814421381,7651,replaced,-237276.3907234376,-1.379062936685027,1,9503.T:2025-10-20,0.1
7550.T,2025-10-20,2025-10-23,10122.800187499999,9881.720563998244,1705,po_break,-428094.61201114475,-2.3815507471880104,2,7550.T:2025-10-20,0.1
1802.T,2025-10-20,2025-10-24,2504.9766057249794,2577.9414546219455,6869,replaced,501195.54707325966,2.912795621731923,3,1802.T:2025-10-20,0.1
7261.T,2025-10-22,2025-10-27,1108.7069580698367,1115.2425213124495,15609,replaced,102013.606653944,0.5894761636556112,2,7261.T:2025-10-22,0.1
2914.T,2025-10-17,2025-10-29,4852.884082456435,4854.905500785548,3504,replaced,7083.04982521107,0.04165395865152188,7,2914.T:2025-10-17,0.1
6326.T,2025-10-15,2025-10-30,1906.210250745177,2020.9312914350737,8885,trail_sma10,1001850.120228596,6.0182784477761375,10,6326.T:2025-10-15,0.1
4578.T,2025-10-23,2025-10-30,8225.209687499999,8051.143278433496,2098,stop_sma20_break,-382265.22048278793,-2.116254973183662,4,4578.T:2025-10-23,0.1
2503.T,2025-10-21,2025-10-31,2170.035562170176,2151.4388685960034,7905,po_break,-164087.49039143775,-0.8569764430761073,7,2503.T:2025-10-21,0.1
9697.T,2025-10-29,2025-10-31,4277.684326400491,4017.253152284621,3996,stop_loss_pct,-1057256.2568494289,-6.088134472863571,1,9697.T:2025-10-29,0.1
8031.T,2025-10-29,2025-11-04,3747.0830047276877,3711.880709370866,4570,replaced,-160874.48978067495,-0.9394586485649503,2,8031.T:2025-10-29,0.1
8058.T,2025-10-20,2025-11-05,3583.082760568376,3461.145797337172,4813,po_break,-603834.5400563851,-3.403129968783125,10,8058.T:2025-10-20,0.1
8604.T,2025-10-30,2025-11-06,1055.4966901110727,1043.0988633744857,16174,stop_sma20_break,-217493.79187859458,-1.17459645802227,3,8604.T:2025-10-30,0.1
6988.T,2025-11-04,2025-11-06,3783.390596055327,3825.3051111979507,4518,po_break,172181.7358116888,1.1078558789654247,1,6988.T:2025-11-04,0.1
8309.T,2025-11-05,2025-11-10,4191.396493159662,4183.02181001476,4081,replaced,-34177.08191434347,-0.19980651218678425,2,8309.T:2025-11-05,0.1
8002.T,2025-11-05,2025-11-10,3782.6155817240256,3948.1347606875756,4514,replaced,747153.573841465,4.375786420467032,2,8002.T:2025-11-05,0.1
6504.T,2025-11-07,2025-11-11,10370.523326798102,10587.274477310506,1660,po_break,342411.93767318036,2.0900695527322544,1,6504.T:2025-11-07,0.1
8604.T,2025-11-07,2025-11-11,1057.4604446855253,1084.2544673162417,16305,po_break,419416.20817373693,2.5338084999183774,1,8604.T:2025-11-07,0.1
8604.T,2025-11-10,2025-11-12,1071.20643928216,1088.664013051279,16152,po_break,264531.61774576333,1.6297114289956616,1,8604.T:2025-11-10,0.1
5020.T,2025-11-10,2025-11-12,980.4329365829987,995.5518775069692,17665,replaced,267076.0914219391,1.5420678314483238,1,5020.T:2025-11-10,0.1
4578.T,2025-10-31,2025-11-13,8179.5140281927315,8333.691873586142,2100,po_break,306434.60912929376,1.8849267188979502,7,4578.T:2025-10-31,0.1
8001.T,2025-10-24,2025-11-18,1727.1227712578122,1838.3198899526835,10001,trail_sma10,1094253.3880400246,6.438286874875132,15,8001.T:2025-10-24,0.1
8473.T,2025-11-12,2025-11-19,3327.5883728300632,3092.0773082263436,5315,stop_sma20_break,-1268801.5699161773,-7.077529977165442,4,8473.T:2025-11-12,0.1
7203.T,2025-11-17,2025-11-19,3106.8889628751263,3025.871375072189,5735,stop_sma20_break,-482221.5563189089,-2.607675677213883,1,7203.T:2025-11-17,0.1
6201.T,2025-10-28,2025-11-20,16826.809999999998,17232.75,1029,max_holding_days,400188.6163800024,2.412459640300235,15,6201.T:2025-10-28,0.1
1925.T,2025-11-18,2025-11-20,5189.243504619798,5092.707904944285,3367,po_break,-342345.02930545463,-1.860301980232204,1,1925.T:2025-11-18,0.1
6501.T,2025-11-18,2025-11-20,5026.108956997469,5016.066852764423,3470,po_break,-52269.27671860755,-0.19979877712490435,1,6501.T:2025-11-18,0.1
2269.T,2025-11-19,2025-11-21,3157.5872941894527,3154.235492334906,5534,replaced,-18548.87146306014,-0.10615072655993929,1,2269.T:2025-11-19,0.1
8316.T,2025-10-30,2025-11-25,4065.958081516137,4446.496732386928,4198,max_holding_days,1579633.6137011966,9.359138565661084,15,8316.T:2025-10-30,0.1
8306.T,2025-11-11,2025-11-25,2318.5591926858983,2363.15916970623,7486,po_break,316351.7561437687,1.9236074352134924,8,8306.T:2025-11-11,0.1
5020.T,2025-11-20,2025-11-26,1013.8657770457826,1016.7758554927638,17315,po_break,32807.72837577657,0.2870279787390295,2,5020.T:2025-11-20,0.1
8411.T,2025-11-21,2025-11-26,5006.503818980909,5273.0419203012825,3542,po_break,925872.8793724932,5.323836972017482,1,8411.T:2025-11-21,0.1
2897.T,2025-11-21,2025-11-26,2858.861796490418,2708.0240863999857,6218,stop_sma20_break,-955216.3295522137,-5.276145572185509,1,2897.T:2025-11-21,0.1
5108.T,2025-11-25,2025-11-27,3580.518028541696,3547.805103125442,4964,po_break,-180079.45977908128,-0.913636662502082,1,5108.T:2025-11-25,0.1
7269.T,2025-11-25,2025-11-28,2371.58331962438,2419.1344952756135,7486,replaced,355968.1009251357,2.0050392182200394,2,7269.T:2025-11-25,0.1
2768.T,2025-11-25,2025-12-01,4407.3741604136985,4531.708877415403,4026,replaced,500571.57064886077,2.8210610780100787,3,2768.T:2025-11-25,0.1
4578.T,2025-11-26,2025-12-02,8841.107281584065,8643.0085479645,2028,replaced,-401744.23178047757,-2.240655240460687,3,4578.T:2025-11-26,0.1
8830.T,2025-11-20,2025-12-02,3542.28142429534,3636.081897482397,4960,replaced,465250.34700780234,2.6480243083937482,6,8830.T:2025-11-20,0.1
9434.T,2025-12-01,2025-12-03,216.86746284390765,211.53745945849496,81980,po_break,-454513.99530130706,-2.4577238630070553,1,9434.T:2025-12-01,0.1
2503.T,2025-11-11,2025-12-04,2187.774190865316,2342.240651963334,7942,trail_sma10,1208783.9450995866,7.060438949456804,15,2503.T:2025-11-11,0.1
6971.T,2025-11-27,2025-12-04,2092.145363741143,2101.302170534687,8550,replaced,78290.69808480199,0.43767545755855064,4,6971.T:2025-11-27,0.1
6758.T,2025-12-03,2025-12-05,4429.122069600107,4294.888625534269,3974,po_break,-550778.3159688752,-3.0307009370360016,1,6758.T:2025-12-03,0.1
6701.T,2025-12-03,2025-12-05,5856.412739000915,5613.228480443666,3000,po_break,-746757.2375009152,-4.152443985680144,1,6701.T:2025-12-03,0.1
3382.T,2025-11-19,2025-12-08,2008.5951974779389,2060.882012311039,8677,po_break,436037.2654321405,2.603153432745109,11,3382.T:2025-11-19,0.1
6201.T,2025-11-28,2025-12-08,17492.475,17322.66,1025,po_break,-191903.13168749865,-0.9707888677845666,5,6201.T:2025-11-28,0.1
5401.T,2025-12-02,2025-12-08,610.2071419257464,609.6731821164623,29061,po_break,-33242.87706610257,-0.08750468039411263,3,5401.T:2025-12-02,0.1
6367.T,2025-12-04,2025-12-08,19636.375843285587,19443.691584949076,897,po_break,-190365.18996941322,-0.9812618167134746,1,6367.T:2025-12-04,0.1
7261.T,2025-12-04,2025-12-08,1093.1188105144772,1093.8516058735152,16171,po_break,-5832.71555070264,0.06703711911177912,1,7261.T:2025-12-04,0.1
2502.T,2025-12-05,2025-12-09,1735.7682914089783,1720.990956647521,10056,po_break,-165981.4638604424,-0.8513425918998729,1,2502.T:2025-12-05,0.1
4188.T,2025-12-05,2025-12-09,839.1564746767506,838.6582432022336,20767,po_break,-27768.36215439006,-0.05937289284562164,1,4188.T:2025-12-05,0.1
1928.T,2025-12-05,2025-12-09,3297.6543206638044,3340.9598950195314,5281,po_break,211167.47733608246,1.3132235869710573,1,1928.T:2025-12-05,0.1
6201.T,2025-12-05,2025-12-09,17242.225,17377.605,1008,po_break,119014.64568000103,0.7851654876328329,1,6201.T:2025-12-05,0.1
3064.T,2025-12-05,2025-12-09,2278.923977130758,2196.508645158447,7638,po_break,-646579.9827890333,-3.61641427267243,1,3064.T:2025-12-05,0.1
8031.T,2025-12-08,2025-12-10,4184.4739157721115,4287.964963887246,4182,replaced,432799.56321749295,2.4732152762395376,1,8031.T:2025-12-08,0.1
8309.T,2025-12-08,2025-12-10,4461.018298630677,4496.137074218856,3920,replaced,137665.60030565903,0.7872367526257085,1,8309.T:2025-12-08,0.1
6971.T,2025-12-08,2025-12-10,2118.3775118136587,2148.722255555528,8252,replaced,250404.82535790693,1.4324521277555347,1,6971.T:2025-12-08,0.1
8053.T,2025-12-08,2025-12-12,4912.488222101028,5278.209159700805,3551,replaced,1298675.0494168059,7.444718868829381,3,8053.T:2025-12-08,0.1
7741.T,2025-12-11,2025-12-16,23526.123011098905,23881.191613494873,750,po_break,248523.70881275326,1.509252511467607,2,7741.T:2025-12-11,0.1
8058.T,2025-12-01,2025-12-17,3678.26142844775,3563.060546220703,4828,po_break,-573670.4106390317,-3.131938402639922,11,8058.T:2025-12-01,0.1
3391.T,2025-12-09,2025-12-18,2828.7709429271627,2778.048132699541,6222,po_break,-333040.13938053703,-1.7931041873307185,6,3391.T:2025-12-09,0.1
7751.T,2025-12-09,2025-12-23,4535.247707281553,4678.4342809667205,3878,po_break,537412.2033758673,3.157194114342965,9,7751.T:2025-12-09,0.1
7270.T,2025-12-22,2025-12-24,3431.5509828201803,3362.196790717095,5204,po_break,-378596.54741119884,-2.021074215429175,1,7270.T:2025-12-22,0.1
7741.T,2025-12-23,2025-12-25,23904.13385880962,23578.395469863714,751,po_break,-262459.21986129164,-1.362686432689375,1,7741.T:2025-12-23,0.1
2897.T,2025-12-15,2025-12-29,2858.8616648912775,2866.9711946556613,6280,po_break,32948.731741352574,0.2836628950597442,9,2897.T:2025-12-15,0.1
8015.T,2025-12-08,2025-12-30,5028.209269260793,5262.444707792003,3469,max_holding_days,794713.5969415697,4.65842660851794,15,8015.T:2025-12-08,0.1
2897.T,2025-12-26,2025-12-30,2874.6892904555943,2887.2096697245247,6251,po_break,60256.0756100407,0.4355385227370556,1,2897.T:2025-12-26,0.1
9735.T,2025-12-09,2026-01-05,5402.7501487305935,5538.567475449603,3253,po_break,424017.71070120897,2.513855406601029,15,9735.T:2025-12-09,0.1
9532.T,2025-12-29,2026-01-05,5319.516964634435,5375.2000423305735,3375,po_break,169883.05227521484,1.0467694353892387,1,9532.T:2025-12-29,0.1
9983.T,2025-12-29,2026-01-05,56837.08209233407,57071.51882541973,316,po_break,56084.44871006183,0.41247144373950384,1,9983.T:2025-12-29,0.1
1812.T,2025-12-30,2026-01-06,5772.097940853701,5956.422617633639,3106,po_break,554298.0536511546,3.1933740326082427,1,1812.T:2025-12-30,0.1
9433.T,2025-12-17,2026-01-08,2693.57332726042,2637.990994655799,6575,po_break,-382981.3545836804,-2.0635165949297707,12,9433.T:2025-12-17,0.1
4502.T,2025-12-16,2026-01-09,4445.077844238281,4973.292250747801,1998,rsi_half,1045963.4324811297,11.883130622654736,14,4502.T:2025-12-16,0.1
4502.T,2025-12-16,2026-01-13,4445.077844238281,5036.133400950494,1999,max_holding_days,1172043.587228149,13.296855025347675,15,4502.T:2025-12-16,0.1
8002.T,2025-12-30,2026-01-14,4314.778008335217,4899.564336060367,2077,rsi_half,1205032.1081604816,13.553103464314265,6,8002.T:2025-12-30,0.1
1802.T,2026-01-09,2026-01-14,3293.159151251541,3497.7888885482735,5602,replaced,1146335.788336295,6.213782204208518,1,1802.T:2026-01-09,0.1
9432.T,2025-12-24,2026-01-15,153.5534043193404,155.80072407979773,116381,po_break,243543.8496331761,1.4635427787609734,11,9432.T:2025-12-24,0.1
8411.T,2025-12-30,2026-01-15,5623.039284012643,6617.227828596106,1593,rsi_half,1573992.9787662625,17.680625981222065,7,8411.T:2025-12-30,0.1
6201.T,2026-01-07,2026-01-19,18007.989999999998,19475.505,509,rsi_half,737425.5855225015,8.149243752356616,6,6201.T:2026-01-07,0.1
7751.T,2026-01-13,2026-01-22,4734.73,4669.326,4006,po_break,-280844.74816799816,-1.3813670473289852,6,7751.T:2026-01-13,0.1
7751.T,2026-01-21,2026-01-23,4624.62,4689.306,4169,po_break,250261.05525299872,1.3987311389908719,1,7751.T:2026-01-21,0.1
9503.T,2026-01-22,2026-01-26,2489.4344580898464,2455.486027016581,7794,po_break,-283864.4269154912,-1.3637005370012556,1,9503.T:2026-01-22,0.1
8002.T,2025-12-30,2026-01-27,4314.778008335217,4898.575325979679,2077,po_break,1202978.9613098616,13.530182005115732,15,8002.T:2025-12-30,0.1
8411.T,2025-12-30,2026-01-27,5623.039284012643,6419.698709882598,1594,po_break,1260277.062655574,14.167772722751693,15,8411.T:2025-12-30,0.1
1928.T,2026-01-23,2026-01-27,3534.881545371093,3441.7269308446766,5479,po_break,-529506.551910829,-2.6352966381122944,1,1928.T:2026-01-23,0.1
6971.T,2026-01-05,2026-01-28,2197.5692794027805,2275.1757636507573,8283,max_holding_days,624290.6354301858,3.531469290882483,15,6971.T:2026-01-05,0.1
5802.T,2026-01-26,2026-01-28,6558.87289268828,6881.70224723644,2920,po_break,923038.475576335,4.9220248635713615,1,5802.T:2026-01-26,0.1
6701.T,2026-01-26,2026-01-28,5718.041003654929,5618.195807937866,3344,po_break,-352836.5224268411,-1.7461434021414424,1,6701.T:2026-01-26,0.1
8316.T,2026-01-26,2026-01-28,5281.604566992785,5313.362269176137,3609,po_break,95494.92952384797,0.6012889034105351,1,8316.T:2026-01-26,0.1
2503.T,2026-01-14,2026-01-29,2370.368,2344.653,8051,stop_sma20_break,-226011.78203550115,-1.084852647352652,10,2503.T:2026-01-14,0.1
4578.T,2026-01-27,2026-01-29,9256.247,8991.0,2080,replaced,-551713.7599999987,-2.865599848405076,1,4578.T:2026-01-27,0.1
6201.T,2026-01-07,2026-01-30,18007.989999999998,19835.145,510,max_holding_days,922199.0505750012,10.146357255862547,15,6201.T:2026-01-07,0.1
4519.T,2026-01-27,2026-01-30,8670.661999999998,8750.241,2221,stop_sma20_break,157399.04621850344,0.9177961267548218,2,4519.T:2026-01-27,0.1
6971.T,2026-01-28,2026-01-30,2279.7306700844924,2255.9113103927,8377,po_break,-218532.3125733721,-1.044832181465949,1,6971.T:2026-01-28,0.1
3563.T,2026-01-29,2026-02-02,8793.785,8462.529,2210,po_break,-751143.9869699987,-3.766933123791394,1,3563.T:2026-01-29,0.1
6201.T,2026-01-29,2026-02-02,19669.649999999998,19735.245,983,replaced,64479.885000001144,0.33348331058256075,1,6201.T:2026-01-29,0.1
9531.T,2026-01-29,2026-02-02,6605.1610833048935,6884.389677033401,2939,replaced,820652.8369680844,4.227430492713968,1,9531.T:2026-01-29,0.1
5201.T,2026-01-28,2026-02-05,5499.494,6090.903,1732,rsi_half,1014283.104198001,10.753880266075399,5,5201.T:2026-01-28,0.1
6723.T,2026-01-28,2026-02-09,2492.49,3031.965,7668,replaced,4136694.3000000026,21.644018631970454,7,6723.T:2026-01-28,0.1
1605.T,2026-01-28,2026-02-09,3291.2879999999996,3745.251,5793,replaced,2629807.6590000037,13.792867716225409,7,1605.T:2026-01-28,0.1
5201.T,2026-01-28,2026-02-13,5499.494,6325.668,1733,replaced,1431759.542,15.022727545479642,10,5201.T:2026-01-28,0.1
5406.T,2026-02-06,2026-02-16,2240.7244096892114,2211.780852868895,9168,stop_sma20_break,-285764.81305222516,-1.2917053384682298,4,5406.T:2026-02-06,0.1
7741.T,2026-01-30,2026-02-18,24854.131425344494,27534.603519316955,779,trail_sma10,2067682.3489436016,10.784814999566251,11,7741.T:2026-01-30,0.1
5401.T,2026-02-17,2026-02-20,662.0958826904296,670.5622318406605,32422,po_break,252892.25145412402,1.278719498424885,2,5401.T:2026-02-17,0.1
6201.T,2026-02-13,2026-02-20,19994.975,20184.795,1080,replaced,205005.5999999997,0.9493385213034777,4,6201.T:2026-02-13,0.1
8031.T,2026-02-06,2026-02-24,4981.89426159234,5458.939190525059,4094,trail_sma10,1931649.552974067,9.575573143141014,9,8031.T:2026-02-06,0.1
9735.T,2026-02-19,2026-02-24,5895.081978195585,5873.397569835304,3682,po_break,-101507.76243047928,-0.3678389620447309,1,9735.T:2026-02-19,0.1
7532.T,2026-02-19,2026-02-24,960.9599999999999,1014.984,22585,po_break,1197818.6923800027,5.621878121878132,1,7532.T:2026-02-19,0.1
4578.T,2026-01-30,2026-02-25,9230.221,10639.35,2098,max_holding_days,2935509.462021002,15.26647086781563,15,4578.T:2026-01-30,0.1
4502.T,2026-01-30,2026-02-25,5141.650232353876,5738.18777052599,3782,max_holding_days,2235531.19570349,11.602063758020664,15,4502.T:2026-01-30,0.1
4452.T,2026-02-20,2026-02-25,6591.584999999999,6643.35,3312,po_break,149528.6276400041,0.7853194641349814,1,4452.T:2026-02-20,0.1
8035.T,2026-02-24,2026-02-26,43318.60419321767,46122.10711221999,507,replaced,1421375.979934176,6.471821913969378,1,8035.T:2026-02-24,0.1
1928.T,2026-02-24,2026-02-27,3773.7699999999995,3798.198,5831,replaced,142439.66800000198,0.6473102494322758,2,1928.T:2026-02-24,0.1
5110.T,2026-02-24,2026-02-27,2729.727,2756.241,8054,replaced,213543.75600000098,0.971305921800969,2,5110.T:2026-02-24,0.1
6201.T,2026-02-20,2026-03-02,20225.204999999998,20084.895,1079,po_break,-173141.78894999748,-0.6937383329365443,4,6201.T:2026-02-20,0.1
9022.T,2026-02-25,2026-03-02,4626.036840105793,4547.12946426044,4800,po_break,-400771.0031881747,-1.7057230318889727,2,9022.T:2026-02-25,0.1
8113.T,2026-02-12,2026-03-03,971.1702122192381,992.2068121948242,22020,trail_sma10,441609.15042360744,2.1661084443184375,11,8113.T:2026-02-12,0.1
6902.T,2026-02-27,2026-03-03,2202.558309394585,2135.857652552281,10111,po_break,-696343.2032281621,-3.0283264945952015,1,6902.T:2026-02-27,0.1
1925.T,2026-02-26,2026-03-04,5494.378049316406,5267.9807452912755,4038,stop_sma20_break,-935921.5160597892,-4.120526508970346,3,1925.T:2026-02-26,0.1
9735.T,2026-03-02,2026-03-04,5932.801111745049,5829.810008856162,3741,stop_sma20_break,-407291.6800084087,-1.7359608210192112,1,9735.T:2026-03-02,0.1
9531.T,2026-03-02,2026-03-04,7468.301663230535,7434.545700811956,2974,replaced,-100390.2322328559,-0.45198980893841334,1,9531.T:2026-03-02,0.1
8725.T,2026-02-26,2026-03-05,4219.131130612786,4084.2036715883487,5258,po_break,-731278.04674548,-3.1979915970244077,4,8725.T:2026-02-26,0.1
1812.T,2026-03-03,2026-03-05,6895.354430449163,6655.209806074487,3198,po_break,-789649.8609644178,-3.4827016768597563,1,1812.T:2026-03-03,0.1
9735.T,2026-03-03,2026-03-06,5996.3278079503425,5936.797486847903,3665,po_break,-240046.07894315783,-0.9927796312855008,2,9735.T:2026-03-03,0.1
7741.T,2026-03-04,2026-03-06,27291.297602882983,27609.06138756412,792,po_break,229928.37530724396,1.1643410632390383,1,7741.T:2026-03-04,0.1
7532.T,2026-03-05,2026-03-09,1031.03,1034.4645,21334,po_break,51238.99316850152,0.3331134884533071,1,7532.T:2026-03-05,0.1
9532.T,2026-03-03,2026-03-10,6374.693429047328,6219.436332922929,3438,stop_sma20_break,-555423.2055365111,-2.4355225526132007,4,9532.T:2026-03-03,0.1
8630.T,2026-03-06,2026-03-10,5850.568585329728,5792.499894250322,3755,po_break,-239907.7960735832,-0.992530729833907,1,8630.T:2026-03-06,0.1
9532.T,2026-03-09,2026-03-11,5995.861337743919,6223.395049907695,3639,po_break,805762.241566648,3.79484613380654,1,9532.T:2026-03-09,0.1
9531.T,2026-03-09,2026-03-11,7409.699637694526,7530.699297359647,2953,po_break,335252.4959634943,1.6329900749225024,1,9531.T:2026-03-09,0.1
8031.T,2026-03-12,2026-03-16,5851.717348973395,5808.351179077762,3791,po_break,-186502.80996926565,-0.741084493823696,1,8031.T:2026-03-12,0.1
4063.T,2026-03-12,2026-03-16,6103.010596298125,6489.9383523807555,3626,replaced,1403000.0435556178,6.339948947775498,1,4063.T:2026-03-12,0.1
9101.T,2026-02-20,2026-03-17,5093.859103994075,5687.062886007402,4285,max_holding_days,2518780.0805635294,11.64546898339216,15,9101.T:2026-02-20,0.1
5334.T,2026-03-13,2026-03-17,7498.402860287034,7531.663002461119,2978,stop_sma20_break,76668.93532479208,0.44356301993637715,1,5334.T:2026-03-13,0.1
1878.T,2026-03-05,2026-03-19,3535.1998628087895,3559.393554321662,6216,po_break,128337.99010357492,0.6843655932270432,9,1878.T:2026-03-05,0.1
8031.T,2026-03-17,2026-03-19,6050.081064563294,6393.343473267891,3741,replaced,1284144.6709638971,5.673682799312618,1,8031.T:2026-03-17,0.1
7453.T,2026-03-13,2026-03-23,3626.6229999999996,3406.59,6172,stop_sma20_break,-1379748.1713179965,-6.067159448335257,4,7453.T:2026-03-13,0.1
1878.T,2026-03-18,2026-03-23,3552.8169920533123,3461.715276524478,6486,po_break,-613633.8550670159,-2.564210758184393,1,1878.T:2026-03-18,0.1
1605.T,2026-02-27,2026-03-24,3713.7099999999996,4408.587,5979,max_holding_days,4130387.976118505,18.711127147784843,15,1605.T:2026-02-27,0.1
9735.T,2026-03-16,2026-03-24,5896.074576350228,5794.147882725946,3806,stop_sma20_break,-410179.48927363945,-1.7287212416396636,4,9735.T:2026-03-16,0.1
5019.T,2026-03-18,2026-03-24,1473.713838408381,1431.2723296550175,15650,stop_sma20_break,-686941.1287552341,-2.879901623180825,2,5019.T:2026-03-18,0.1
2269.T,2026-03-19,2026-03-24,3950.687920550712,3829.4390043756557,5722,stop_sma20_break,-716045.2414858869,-3.0690583162578555,1,2269.T:2026-03-19,0.1
6752.T,2026-03-19,2026-03-24,2613.8847905352295,2550.1631714909477,8629,stop_sma20_break,-572134.13566527,-2.437812839916098,1,6752.T:2026-03-19,0.1
6201.T,2026-03-04,2026-03-25,20560.539999999997,20449.53,1052,po_break,-138353.81681999832,-0.5399177258962995,13,6201.T:2026-03-04,0.1
2269.T,2026-03-25,2026-03-27,3940.81102243745,3875.7668156226223,5654,po_break,-389857.41087923164,-1.650528443117194,1,2269.T:2026-03-25,0.1
1662.T,2026-03-25,2026-03-27,2548.79615945027,2554.507125,8706,po_break,27504.986878739008,0.2240652132401877,1,1662.T:2026-03-25,0.1
9143.T,2026-03-25,2026-03-30,1525.008965275381,1489.509,14560,po_break,-538825.1851967503,-2.327852890292381,2,9143.T:2026-03-25,0.1
4502.T,2026-03-26,2026-03-30,5719.17603985544,5515.479,3899,po_break,-816116.7183965567,-3.5616501124625,1,4502.T:2026-03-26,0.1
9602.T,2026-03-26,2026-03-30,1601.6,1636.362,13914,po_break,461151.9663660024,2.1704545454545476,1,9602.T:2026-03-26,0.1
8058.T,2026-03-23,2026-03-30,5153.531980940916,5501.493,4287,replaced,1491708.8887062962,6.751894047537377,4,8058.T:2026-03-23,0.1
9143.T,2026-03-27,2026-03-31,1525.9922733245728,1469.0295,14630,po_break,-855273.958010368,-3.732834976973498,1,9143.T:2026-03-27,0.1
3563.T,2026-03-27,2026-03-31,9758.749,9432.557999999999,2281,stop_sma20_break,-765929.3566335016,-3.3425493370103143,1,3563.T:2026-03-27,0.1
6752.T,2026-03-30,2026-04-01,2579.5769999999998,2732.7644999999998,8571,replaced,1312970.0625,5.938473633467822,1,6752.T:2026-03-30,0.1
9502.T,2026-03-26,2026-04-02,2586.816500473798,2715.282,8633,replaced,1109042.6574097034,4.966162056824386,4,9502.T:2026-03-26,0.1
2914.T,2026-03-27,2026-04-02,5987.981999999999,6055.938,3719,replaced,252728.36400000387,1.1348731509213117,3,2914.T:2026-03-27,0.1
9434.T,2026-03-27,2026-04-03,215.00299865407595,214.68509390258788,103892,po_break,-55348.338097547254,-0.14786061286501395,4,9434.T:2026-03-27,0.1
5019.T,2026-03-25,2026-04-09,1496.9647685951998,1569.429,14865,trail_sma10,1054389.828147273,4.840743945684389,10,5019.T:2026-03-25,0.1
8630.T,2026-03-31,2026-04-10,6064.057999999999,6030.963,3620,po_break,-141695.88800999764,-0.5457566533829228,7,8630.T:2026-03-31,0.1
4502.T,2026-03-31,2026-04-13,5732.726999999999,5730.264,3835,po_break,-31425.8902424955,-0.042963846002064265,8,4502.T:2026-03-31,0.1
9434.T,2026-04-02,2026-04-13,214.11389389038084,213.88590609741212,105060,stop_sma20_break,-46435.22702265236,-0.10647968183019607,6,9434.T:2026-04-02,0.1
3563.T,2026-04-09,2026-04-13,9628.618999999999,9567.423,2351,po_break,-166436.7433709955,-0.6355636254793962,1,3563.T:2026-04-09,0.1
4502.T,2026-04-10,2026-04-14,5755.749999999999,5663.331,3912,po_break,-383878.85043599596,-1.6056812752464733,1,4502.T:2026-04-10,0.1
4523.T,2026-04-01,2026-04-15,4945.941,4904.091,4571,po_break,-213808.5981359975,-0.8461483871319841,9,4523.T:2026-04-01,0.1
9735.T,2026-04-01,2026-04-15,6120.114,6019.974,3709,po_break,-393933.05319599784,-1.636244030748435,9,9735.T:2026-04-01,0.1
2768.T,2026-04-10,2026-04-16,6503.496999999999,6183.81,3459,po_break,-1127740.0304564966,-4.915616936549661,3,2768.T:2026-04-10,0.1
2802.T,2026-04-15,2026-04-17,4655.651,4646.349,4796,po_break,-66918.58799999846,-0.19980019980019303,1,2802.T:2026-04-15,0.1
7741.T,2026-04-14,2026-04-17,29699.67,29465.505,755,replaced,-176794.57499999792,-0.7884431039132611,2,7741.T:2026-04-14,0.1
1942.T,2026-04-13,2026-04-20,6271.264999999999,6183.81,3565,po_break,-333978.2461874965,-1.394535233322125,4,1942.T:2026-04-13,0.1
2503.T,2026-04-16,2026-04-20,2613.611,2602.395,8589,po_break,-118734.36176699909,-0.42913807754864086,1,2503.T:2026-04-16,0.1
1942.T,2026-04-17,2026-04-21,6160.1539999999995,6160.833,3626,po_break,-19875.89543099968,0.011022451711428793,1,1942.T:2026-04-17,0.1
8697.T,2026-04-17,2026-04-21,1921.4194999999997,1895.103,11623,po_break,-328056.40000874625,-1.3696384365829317,1,8697.T:2026-04-17,0.1
8601.T,2026-04-16,2026-04-22,1590.5889999999997,1522.4759999999999,14107,po_break,-982828.0949774976,-4.282250160160784,3,8601.T:2026-04-16,0.1
6965.T,2026-04-20,2026-04-22,1936.4344999999998,1945.053,11478,po_break,76647.28623750307,0.44507056654898847,1,6965.T:2026-04-20,0.1
4901.T,2026-04-21,2026-04-23,3176.173,3046.95,7021,stop_sma20_break,-929120.9562914998,-4.0685126408416705,1,4901.T:2026-04-21,0.1
7741.T,2026-04-21,2026-04-23,29494.464999999997,28561.41,753,po_break,-724448.4519374975,-3.1634918619476426,1,7741.T:2026-04-21,0.1
5713.T,2026-04-22,2026-04-24,10005.996,9689.301,2206,po_break,-720353.0825909993,-3.165052234680088,1,5713.T:2026-04-22,0.1
